"Sample.ID","Family","d13C","C.amount_ug","d15N","N.amount_ug","Total.amount_mg","Farmtype","Landscape","Stage","Farm.ID","Date"
"20180402TETSO1","TET",-24.5643081606496,614.782688581622,10.059820896453,130.892861379603,"1.174","Or","Sea","Seedling","SO1","20180402"
"20180402SCISO1","SCI",-20.9046024890108,412.11955830233,7.83430388772688,83.5080950500754,"0.794","Or","Sea","Seedling","SO1","20180402"
"20180402CHISO1","CHI",-24.4223107603205,400.049133788472,10.1699711967038,84.2544968496613,"0.81","Or","Sea","Seedling","SO1","20180402"
"20180402CHISO1","CHI",-26.7832936661001,429.236644016274,7.81091478084254,98.399851140823,"0.871","Or","Sea","Seedling","SO1","20180402"
"20180402TETSO1","TET",-24.2570307593651,528.3074909622,10.8262761374902,137.493618105386,"1.095","Or","Sea","Seedling","SO1","20180402"
"20180402CHISC1","CHI",-21.7118122018032,580.131699169377,10.1314588827702,127.954227105672,"1.202","Cv","Sea","Seedling","SC1","20180402"
"20180402CHISC1","CHI",-22.2606345799553,677.1542016287,10.2315182819187,148.460508882528,"1.4","Cv","Sea","Seedling","SC1","20180402"
"20180402CHISC1","CHI",-22.3856109431737,469.592229566389,10.0940261949349,103.593921295524,"1.006","Cv","Sea","Seedling","SC1","20180402"
"20180402CHISC1","CHI",-21.5578432392872,616.823511226542,10.434229747167,136.028119905365,"1.292","Cv","Sea","Seedling","SC1","20180402"
"20180402EPHSC1","EPH",-21.5656244369411,527.293156625353,6.44124242834828,105.817087159116,"1.009","Cv","Sea","Seedling","SC1","20180402"
"20180402EPHSC1","EPH",-20.6360427510025,472.623429876545,6.47435047624319,91.7080127689232,"0.888","Cv","Sea","Seedling","SC1","20180402"
"20180402EPHSC1","EPH",-22.24703633542,482.731997431378,6.82302010078125,92.4523141531898,"0.91","Cv","Sea","Seedling","SC1","20180402"
"20180402CHILC2","CHI",-25.0011030143037,522.222538753657,7.75858418183701,116.169138514396,"1.093","Cv","Land","Seedling","LC2","20180402"
"20180402CHILC2","CHI",-23.3893468396014,577.078158033496,7.50553898155573,124.276637959197,"1.318","Cv","Land","Seedling","LC2","20180402"
"20180402CHILC2","CHI",-24.6469887555969,489.812174842814,7.17463682750523,107.298243000608,"1.047","Cv","Land","Seedling","LC2","20180402"
"20180402CHILC3","CHI",-26.5502893630703,629.074348446253,8.25740483292284,138.226080785126,"1.284","Cv","Land","Seedling","LC3","20180402"
"20180402CHILC3","CHI",-25.7468404859734,613.762382640415,7.9899485914281,133.828440503979,"1.254","Cv","Land","Seedling","LC3","20180402"
"20180402CHILC3","CHI",-25.7652610277052,681.253269952438,8.26871095964896,149.19010735956,"1.408","Cv","Land","Seedling","LC3","20180402"
"20180402CHILC3","CHI",-26.2609377422358,669.983536847661,8.06367091757392,146.270567770349,"1.39","Cv","Land","Seedling","LC3","20180402"
"20180402SCILC3","SCI",-26.034448915345,290.872735571372,5.30303383515834,56.3597815739088,"0.567","Cv","Land","Seedling","LC3","20180402"
"20180402PYLLC3","PYL",-25.4287336447344,464.541634132842,6.52865578913503,92.4523141531898,"0.919","Cv","Land","Seedling","LC3","20180402"
"20180402STRMO1","STR",-27.2067321384812,437.298768592672,25.8242436124495,104.335167530235,"0.88","Or","Mount","Seedling","MO1","20180402"
"20180402SCIMO1","SCI",-24.3454926031829,503.98285702852,8.6162731144601,104.335167530235,"1.02","Or","Mount","Seedling","MO1","20180402"
"20180402MUSMO1","MUS",-24.8632918334643,429.236644016274,4.01025578790992,85.0007077023999,"0.854","Or","Mount","Seedling","MO1","20180402"
"20180402CHIMO1","CHI",-24.4794845046983,321.837966581393,10.0395706067422,68.3898931595184,"0.664","Or","Mount","Seedling","MO1","20180402"
"20180402MUSMO1","MUS",-24.3135176426345,326.838681554988,6.76565276043769,59.8234452811053,"0.631","Or","Mount","Seedling","MO1","20180402"
"20180402CICMO1","CIC",-15.2767144220914,579.113781869914,6.75517419484646,125.012537682186,"1.126","Or","Mount","Seedling","MO1","20180402"
"20180402CICMO1","CIC",-12.7699038494034,432.259413826157,1.93584533141069,93.1964245906091,"0.825","Or","Mount","Seedling","MO1","20180402"
"20180402DELMO1","DEL",-18.1453509743189,500.945123080653,6.83115654065441,108.038534501083,"1.081","Or","Mount","Seedling","MO1","20180402"
"20180402CHIMO1","CHI",-25.3269250258722,453.436506545906,11.0472776596699,88.7288977633849,"0.966","Or","Mount","Seedling","MO1","20180402"
"20180402CICMO1","CIC",-26.2799083728885,613.762382640415,3.67363432153297,125.012537682186,"1.157","Or","Mount","Seedling","MO1","20180402"
"20180402GEOMO1","GEO",-28.0677011756198,431.25175363536,4.20117640065657,88.7288977633849,"0.807","Or","Mount","Seedling","MO1","20180402"
"20180402DELMO1","DEL",-15.3987716321282,533.380216458965,4.05675874391452,96.9141125749979,"0.996","Or","Mount","Seedling","MO1","20180402"
"20180402SCIMO2","SCI",-21.7589649302962,330.840518108906,10.5095736659523,66.5884926742233,"0.675","Or","Mount","Seedling","MO2","20180402"
"20180402CHIMO2","CHI",-24.0614212100371,445.365389435883,7.77203714215223,91.7080127689232,"0.905","Or","Mount","Seedling","MO2","20180402"
"20180402CHIMO3","CHI",-23.6305993883575,496.895794708528,9.07135531656827,96.1709568718145,"1.115","Or","Mount","Seedling","MO3","20180402"
"20180402SCIMC1","SCI",-25.0588041442756,429.236644016274,3.83003225663797,77.5300065668895,"0.857","Cv","Mount","Seedling","MC1","20180402"
"20180402STAMC1","STA",-26.0316583057029,511.073361802791,7.29637618237938,99.1424340034647,"0.974","Cv","Mount","Seedling","MC1","20180402"
"20180402TERMC1","TER",-21.2362182328973,581.149686723008,2.27555298100725,133.828440503979,"1.261","Cv","Mount","Seedling","MC1","20180402"
"20180402PYLMC1","PYL",-22.9880874289859,468.581969971342,7.32999453268565,68.539960220446,"0.924","Cv","Mount","Seedling","MC1","20180402"
"20180402CHIMC1","CHI",-25.603102381625,451.418305743386,6.11770928624651,90.9635204378094,"1.223","Cv","Mount","Seedling","MC1","20180402"
"20180402TERMC1","TER",-22.128686739358,445.365389435883,4.15385290028388,98.399851140823,"0.905","Cv","Mount","Seedling","MC1","20180402"
"20180402CHIMC1","CHI",-25.598780681457,366.907630095804,6.34949580817685,71.0149640077096,"0.911","Cv","Mount","Seedling","MC1","20180402"
"20180402SCIMC1","SCI",-25.830963057361,552.672591297192,7.11876333589115,111.737127800752,"1.197","Cv","Mount","Seedling","MC1","20180402"
"20180402CHIMC1","CHI",-24.6474290479123,480.70972188706,7.41440348520347,94.6840726249062,"1.002","Cv","Mount","Seedling","MC1","20180402"
"20180402CICMC1","CIC",-18.4013040915553,497.908021420306,5.19626398698354,109.518544661492,"0.959","Cv","Mount","Seedling","MC1","20180402"
"20180402CHIMC1","CHI",-25.3492641276196,434.274944970256,6.44355099026689,85.7467276082913,"1.046","Cv","Mount","Seedling","MC1","20180402"
"20180402CHIMC2","CHI",-25.6182590940974,565.887250106277,6.33780286822245,119.857229737468,"1.267","Cv","Mount","Seedling","MC2","20180402"
"20180402SCIMC2","SCI",-26.3243410873109,480.70972188706,6.95538833712973,116.169138514396,"1.015","Cv","Mount","Seedling","MC2","20180402"
"20180402MUSMC2","MUS",-25.30768641512,479.698689496154,10.2193867388122,113.953992418386,"0.958","Cv","Mount","Seedling","MC2","20180402"
"20180402CHIMC2","CHI",-25.677998283687,397.033108378808,5.96873791047568,82.7615023036424,"0.862","Cv","Mount","Seedling","MC2","20180402"
"20180402COCMC2","COC",-26.5402187012136,600.504798534104,6.97548521146505,127.219091170072,"1.174","Cv","Mount","Seedling","MC2","20180402"
"20180402DELMC2","DEL",-20.4890212358248,414.132279279672,3.21671056673603,88.7288977633849,"0.806","Cv","Mount","Seedling","MC2","20180402"
"20180402PYRMC2","PYR",-31.1020309922109,513.099852597246,5.31401821313644,116.169138514396,"1.014","Cv","Mount","Seedling","MC2","20180402"
"20180402SCIMC2","SCI",-26.6964816447859,561.819936666902,5.93536560185815,129.423926136332,"1.205","Cv","Mount","Seedling","MC2","20180402"
"20180402DELMC2","DEL",-14.865079323118,366.907630095804,3.01159006986689,69.0651347854359,"0.687","Cv","Mount","Seedling","MC2","20180402"
"20180402SCIMC2","SCI",-25.6597686100062,436.290757131031,7.87655059475302,100.627026888207,"0.905","Cv","Mount","Seedling","MC2","20180402"
"20180402EPHMC2","EPH",-23.7713921329107,491.835714962173,5.93403661751362,113.953992418386,"1.026","Cv","Mount","Seedling","MC2","20180402"
"20180402EPHMC2","EPH",-26.2268578638623,546.57752248832,8.77657272658356,130.158489231391,"1.117","Cv","Mount","Seedling","MC2","20180402"
"20180402CHIMC2","CHI",-25.9669091437797,508.034152517376,5.9120715367139,108.038534501083,"1.188","Cv","Mount","Seedling","MC2","20180402"
"20180402CHIMC2","CHI",-24.4517783914721,413.125883663916,6.01517312324552,89.4739629350402,"0.912","Cv","Mount","Seedling","MC2","20180402"
"20180402CHIMC3","CHI",-22.2709961263993,479.698689496154,7.43883263177227,102.11085598556,"1.142","Cv","Mount","Seedling","MC3","20180402"
"20180402CHIMC3","CHI",-22.3490478457172,468.581969971342,8.00886351921746,104.335167530235,"1.054","Cv","Mount","Seedling","MC3","20180402"
"20180402CHIMC3","CHI",-21.9534576699615,496.895794708528,7.57110372192194,109.518544661492,"1.08","Cv","Mount","Seedling","MC3","20180402"
"20180402CHILO1","CHI",-24.5666677152143,543.530936515166,8.28018751779388,116.907138652705,"1.119","Or","Land","Seedling","LO1","20180402"
"20180402CHILO1","CHI",-24.4671595642602,492.847590403106,8.67905141992903,102.11085598556,"1.013","Or","Land","Seedling","LO1","20180402"
"20180402CHILO1","CHI",-24.2055766073969,549.624740748996,8.47805612310792,116.907138652705,"1.198","Or","Land","Seedling","LO1","20180402"
"20180402CHILO1","CHI",-24.1643568783833,502.970208791729,8.24799640640492,105.817087159116,"1.062","Or","Land","Seedling","LO1","20180402"
"20180402CHILO1","CHI",-24.6424307747953,501.957630809107,8.23048963617622,107.298243000608,"1.039","Or","Land","Seedling","LO1","20180402"
"20180402MUSLO1","MUS",-22.6986667241958,596.427930527752,8.09500192075454,119.857229737468,"1.161","Or","Land","Seedling","LO1","20180402"
"20180402MUSLO1","MUS",-23.8843874342499,617.844027930255,8.13155496399563,113.215228492689,"1.234","Or","Land","Seedling","LO1","20180402"
"20180402MUSLO1","MUS",-26.1697848912369,527.293156625353,9.2794012927278,110.997791034512,"1.073","Or","Land","Seedling","LO1","20180402"
"20180402PYLLO1","PYL",-30.5503845106576,405.077247887956,4.45737648822497,66.1379707007371,"0.719","Or","Land","Seedling","LO1","20180402"
"20180402COCLO1","COC",-25.2045909212106,1101.04923823788,8.10605405569859,161.564066601478,"1.913","Or","Land","Seedling","LO1","20180402"
"20180402TETLO1","TET",-24.6152384876685,790.288162336465,8.94239066709039,167.368011560013,"1.566","Or","Land","Seedling","LO1","20180402"
"20180402CHILO2","CHI",-24.2539704419912,525.264698714168,8.40921756632974,114.692565397237,"1.081","Or","Land","Seedling","LO2","20180402"
"20180402CHILO2","CHI",-25.0840707610314,786.159306245093,7.6469913174007,175.328481932466,"1.699","Or","Land","Seedling","LO2","20180402"
"20180402CHILO2","CHI",-25.6162496445562,714.086282943659,8.10892916246674,163.741978062283,"1.479","Or","Land","Seedling","LO2","20180402"
"20180402CHILO2","CHI",-24.5732566915513,546.57752248832,8.22343212099245,116.907138652705,"1.168","Or","Land","Seedling","LO2","20180402"
"20180402CHILO3","CHI",-24.9964494852052,678.178863328381,7.46956203688255,152.835235542011,"1.414","Or","Land","Seedling","LO3","20180402"
"20180402CHILO3","CHI",-25.7551572792208,683.303225639321,7.46369325108936,155.020021089315,"1.434","Or","Land","Seedling","LO3","20180402"
"20180402CHILO3","CHI",-25.6017781156303,797.516365281869,7.28814451224683,180.382206154472,"1.686","Or","Land","Seedling","LO3","20180402"
"20180402CHILO3","CHI",-24.696345627673,779.968129733104,7.04603892821071,169.541340296485,"1.644","Or","Land","Seedling","LO3","20180402"
"20180402CHILC1","CHI",-23.595621895008,449.400385957543,7.81620201418689,96.9141125749979,"0.948","Cv","Land","Seedling","LC1","20180402"
"20180402CHILC1","CHI",-24.6576114535111,720.250481854773,6.69701887737552,165.192964301917,"1.525","Cv","Land","Seedling","LC1","20180402"
"20180402CHILC1","CHI",-23.9285852635262,762.440197639164,6.89313619056926,159.384436619049,"1.611","Cv","Land","Seedling","LC1","20180402"
"20180402SCILC1","SCI",-24.5704951126911,337.846436863766,6.17792422988989,59.7481912070329,"0.621","Cv","Land","Seedling","LC1","20180402"
"20180506DELMO1","DEL",-26.8524719781575,731.636364407189,8.14990974804007,143.67557588446,"1.109","Or","Mount","Tillering","MO1","20180506"
"20180506DELMO1","DEL",-27.4010750826838,477.978539278358,7.6688723941429,91.4348160109357,"0.95","Or","Mount","Tillering","MO1","20180506"
"20180506CICMO1","CIC",-25.4501002469691,474.222230707426,9.4617714434725,105.870906396146,"0.955","Or","Mount","Tillering","MO1","20180506"
"20180506TETMO1","TET",-24.7552922119169,437.922823696908,8.49697826112894,118.015717819873,"0.95","Or","Mount","Tillering","MO1","20180506"
"20180506MUSMO1","MUS",-24.256823765221,533.865965953349,10.9034743400569,134.686572756384,"1.108","Or","Mount","Tillering","MO1","20180506"
"20180506SCIMO1","SCI",-24.7928386492509,504.5827799893,9.42028098590834,108.383283045914,"1.034","Or","Mount","Tillering","MO1","20180506"
"20180506EMPMO1","EMP",-26.7624621989509,498.625923260048,9.4777644212784,98.1114990042638,"1.027","Or","Mount","Tillering","MO1","20180506"
"20180506EPHMO1","EPH",-24.8381781581917,502.972840065299,9.91532058203894,120.898519743834,"1.05","Or","Mount","Tillering","MO1","20180506"
"20180506MUSMO1","MUS",-23.5675926803308,524.409543692592,7.02501757387804,114.377568274194,"1.098","Or","Mount","Tillering","MO1","20180506"
"20180506ACRMO1","ACR",-26.9825460190788,513.97005993875,8.952432032103,121.003276645046,"1.13","Or","Mount","Tillering","MO1","20180506"
"20180506SCIMO1","SCI",-25.9737140800953,326.758315263429,13.4716125666215,68.9945180181849,"0.663","Or","Mount","Tillering","MO1","20180506"
"20180506PYRMO1","PYR",-28.5280160281648,515.754758206141,8.23085784625847,121.13016404287,"1.094","Or","Mount","Tillering","MO1","20180506"
"20180506CICMO1","CIC",-28.1684388665808,551.624455556343,8.15894261951725,110.853188591125,"1.117","Or","Mount","Tillering","MO1","20180506"
"20180506PENMO1","PEN",-27.4104993515513,466.873360716838,9.23746337878315,94.3492286568814,"0.917","Or","Mount","Tillering","MO1","20180506"
"20180506DELMO1","DEL",-25.3758789117656,516.878492816338,7.32203907633484,104.760788605508,"1.02","Or","Mount","Tillering","MO1","20180506"
"20180506EPHMO1","EPH",-21.958561727281,510.567839205369,11.5849294598153,113.056233394131,"1.052","Or","Mount","Tillering","MO1","20180506"
"20180506EMPMO1","EMP",-24.4103424335834,1039.43816093535,7.58948104098652,232.579722896349,"1.204","Or","Mount","Tillering","MO1","20180506"
"20180506CHRMO2","CHR",-25.4753489914804,416.569097192922,6.65386208111154,92.1640038702084,"0.889","Or","Mount","Tillering","MO2","20180506"
"20180506COCMO2","COC",-21.8522634521728,643.296806937182,8.54545293261834,109.99814324647,"1.178","Or","Mount","Tillering","MO2","20180506"
"20180506DELMO2","DEL",-17.4740281921662,457.40108859207,7.70500075223966,64.4017593242211,"1.123","Or","Mount","Tillering","MO2","20180506"
"20180506MUSMO2","MUS",-12.5982002158706,531.485510655689,12.9752531441985,131.784728127442,"1.089","Or","Mount","Tillering","MO2","20180506"
"20180506PENMO2","PEN",-11.92587391389,532.457540420625,4.54310902354647,112.379416601389,"1.067","Or","Mount","Tillering","MO2","20180506"
"20180506TETMO2","TET",-19.001788796825,399.095598472351,8.37753103360361,92.1669619448203,"0.852","Or","Mount","Tillering","MO2","20180506"
"20180506CICMO2","CIC",-26.8294991966929,509.512730968654,6.80045762298593,113.138027567393,"1.003","Or","Mount","Tillering","MO2","20180506"
"20180506MUSMO2","MUS",-24.5982551222878,480.968372356763,9.71128507844556,98.0541409470606,"0.943","Or","Mount","Tillering","MO2","20180506"
"20180506DELMO2","DEL",-25.2823784656372,572.338251323391,7.2052324464432,105.068393539927,"1.084","Or","Mount","Tillering","MO2","20180506"
"20180506TETMO2","TET",-25.0327850331691,553.722666907014,9.76014834099899,147.926824145457,"1.185","Or","Mount","Tillering","MO2","20180506"
"20180506DELMO2","DEL",-22.215246672509,533.368086689295,7.14663765392137,105.000431561227,"1.119","Or","Mount","Tillering","MO2","20180506"
"20180506ACRMO2","ACR",-23.694776846901,557.60577116205,6.82476352911553,112.934279299353,"1.145","Or","Mount","Tillering","MO2","20180506"
"20180506PENMO3","PEN",-11.6120823527166,570.886133649928,4.0488684940253,131.741684426618,"1.208","Or","Mount","Tillering","MO3","20180506"
"20180506CICMO3","CIC",-30.6707320700529,456.02455079675,12.5785149579255,87.4049874611852,"0.948","Or","Mount","Tillering","MO3","20180506"
"20180506ACRMO3","ACR",-16.6872980435467,532.852159940749,9.49679752227066,115.107118136774,"1.173","Or","Mount","Tillering","MO3","20180506"
"20180506CICMO3","CIC",-14.2651088141977,532.564734920577,10.6286741721735,104.658842846134,"1.026","Or","Mount","Tillering","MO3","20180506"
"20180506COCMO3","COC",-21.6072848177196,510.256158408744,8.23903910619856,105.469952235469,"1.026","Or","Mount","Tillering","MO3","20180506"
"20180506TETMO3","TET",-23.1475330387609,403.020052976534,8.97975358597969,112.167091319009,"0.877","Or","Mount","Tillering","MO3","20180506"
"20180506TETMO3","TET",-22.6628074212594,390.792392705498,9.69255817235238,101.698783209323,"1.043","Or","Mount","Tillering","MO3","20180506"
"20180506MUSMO3","MUS",-19.5317537248847,1044.8861478297,8.03264993040653,189.673983740764,"0.983","Or","Mount","Tillering","MO3","20180506"
"20180506PYLMO3","PYL",-27.9887804801984,459.973242426503,12.6703018825271,83.1422978071275,"0.973","Or","Mount","Tillering","MO3","20180506"
"20180506MUSMO3","MUS",-19.5163749010782,441.76851515003,13.8662933570962,91.9723190651274,"0.987","Or","Mount","Tillering","MO3","20180506"
"20180506DELMO3","DEL",-17.5276326575406,437.518895406067,7.5048393150254,82.9531318271277,"0.884","Or","Mount","Tillering","MO3","20180506"
"20180506SCIMO3","SCI",-23.7161723425967,604.320569621071,9.389861333738,115.706726621568,"1.233","Or","Mount","Tillering","MO3","20180506"
"20180506STRMC1","STR",-24.706750953019,522.525192594925,6.26673002184169,116.609181964826,"1.193","Cv","Mount","Tillering","MC1","20180506"
"20180506SCIMC1","SCI",-26.0604275085101,565.767800663966,4.20001564298627,125.786874332099,"1.175","Cv","Mount","Tillering","MC1","20180506"
"20180506COCMC1","COC",-26.8711003441086,544.751555708095,11.0290942647076,88.7013684498344,"0.991","Cv","Mount","Tillering","MC1","20180506"
"20180506TERMC1","TER",-22.3749738457801,458.356663650465,2.49514815151937,110.557547769941,"0.986","Cv","Mount","Tillering","MC1","20180506"
"20180506DELMC1","DEL",-28.2533280514707,551.02020819498,5.35349063367155,107.404866661312,"1.082","Cv","Mount","Tillering","MC1","20180506"
"20180506MUSMC1","MUS",-25.9571685804592,420.37386947635,9.28681863968567,73.3318992127389,"0.904","Cv","Mount","Tillering","MC1","20180506"
"20180506DELMC1","DEL",-27.7419951360671,481.920615495868,5.42929818409469,97.8320976069022,"0.946","Cv","Mount","Tillering","MC1","20180506"
"20180506CICMC1","CIC",-28.2948236871511,574.702333986574,3.74552040015769,116.52327897387,"1.115","Cv","Mount","Tillering","MC1","20180506"
"20180506COCMC1","COC",-27.3669470454942,607.813652442398,6.03681827748067,111.771665937048,"1.15","Cv","Mount","Tillering","MC1","20180506"
"20180506SCIMC1","SCI",-25.3539650272877,460.399953365402,11.4237676130318,106.699659586584,"0.943","Cv","Mount","Tillering","MC1","20180506"
"20180506CHIMC1","CHI",-25.0719064560911,459.437418431212,7.69938435126251,95.3757432402733,"0.964","Cv","Mount","Tillering","MC1","20180506"
"20180506HESMC1","HES",-31.1378156919179,521.970773730957,4.02060702256111,99.5941381464612,"1.135","Cv","Mount","Tillering","MC1","20180506"
"20180506CICMC1","CIC",-27.9928452322116,470.197997698158,4.03757885262078,93.3036954888238,"0.905","Cv","Mount","Tillering","MC1","20180506"
"20180506TETMC1","TET",-25.538264499583,501.300713358938,6.6062512595289,120.621720986296,"1.086","Cv","Mount","Tillering","MC1","20180506"
"20180506DELMC1","DEL",-27.3365085604412,546.285181461346,6.90627979945694,107.293194437296,"1.071","Cv","Mount","Tillering","MC1","20180506"
"20180506CICMC1","CIC",-28.0551900667419,600.227677701278,7.22644327141677,122.636774023329,"1.164","Cv","Mount","Tillering","MC1","20180506"
"20180506TETMC1","TET",-24.0107846487589,452.288035599942,7.35951007659132,123.202957153195,"0.978","Cv","Mount","Tillering","MC1","20180506"
"20180506CHIMC1","CHI",-23.0889883549194,237.63277544518,9.80446164468699,52.1723728892064,"0.502","Cv","Mount","Tillering","MC1","20180506"
"20180506ARAMC1","ARA",-27.6619288029658,527.795825766971,7.52232641169486,105.714899314767,"1.025","Cv","Mount","Tillering","MC1","20180506"
"20180506CHRMC1","CHR",-28.5074163218709,468.868704404989,4.25780827970346,97.6830808388805,"0.971","Cv","Mount","Tillering","MC1","20180506"
"20180506STRMC1","STR",-26.9935486119305,325.73032000287,4.51794429830993,72.9105872548643,"0.705","Cv","Mount","Tillering","MC1","20180506"
"20180506COCLO1","COC",-23.9641669289684,616.342957078966,8.12292203826155,99.0516585738623,"1.101","Or","Land","Tillering","LO1","20180506"
"20180506ACRLO1","ACR",-21.1603987191747,546.19049323542,3.24011826079664,128.516793130835,"1.159","Or","Land","Tillering","LO1","20180506"
"20180506TETLO1","TET",-23.4330396875506,453.99341450105,8.8190474264936,120.265532240385,"0.974","Or","Land","Tillering","LO1","20180506"
"20180506SCILO1","SCI",-22.7481578213835,483.686736673336,7.96503273840241,107.750807532535,"0.98","Or","Land","Tillering","LO1","20180506"
"20180506COCLO1","COC",-26.4336749769633,591.483214300349,8.71473593978913,121.997388188863,"1.17","Or","Land","Tillering","LO1","20180506"
"20180506EPHLO1","EPH",-22.5342066032902,482.187590846858,8.68163123490837,90.5274840907394,"1.048","Or","Land","Tillering","LO1","20180506"
"20180506TETLO1","TET",-22.5260995981598,242.147873259422,9.46062348383908,66.4494949392366,"0.525","Or","Land","Tillering","LO1","20180506"
"20180506CICLO1","CIC",-20.2233563958029,404.69017947591,8.01557944557719,82.3847276900166,"0.783","Or","Land","Tillering","LO1","20180506"
"20180506DELLO1","DEL",-25.9034722873209,368.630970883618,4.86813611940984,66.2342724237629,"0.691","Or","Land","Tillering","LO1","20180506"
"20180506PYLLO1","PYL",-24.183614554139,284.791039499114,6.15394123024378,65.2586076257166,"0.575","Or","Land","Tillering","LO1","20180506"
"20180506MUSLO1","MUS",-19.2002625362647,291.858652154581,8.07284802734083,74.5729348701034,"0.618","Or","Land","Tillering","LO1","20180506"
"20180506ARALO1","ARA",-23.4198966442939,503.54943338847,7.72442207698104,135.608210074497,"1.067","Or","Land","Tillering","LO1","20180506"
"20180506DELLO1","DEL",-23.8521395655393,271.179273187208,6.11089861534109,50.9744217268672,"0.518","Or","Land","Tillering","LO1","20180506"
"20180506COCLO1","COC",-24.5267782426244,449.707490684973,8.56151880195531,90.6348765176621,"0.888","Or","Land","Tillering","LO1","20180506"
"20180506CHILO1","CHI",-23.9544404905665,323.226370463096,6.34286465046957,71.7064180914403,"0.703","Or","Land","Tillering","LO1","20180506"
"20180506ACRLO1","ACR",-28.6197261204083,443.685751222086,7.73828201569223,107.529536525281,"0.95","Or","Land","Tillering","LO1","20180506"
"20180506MUSLO1","MUS",-18.4057773836259,372.959719634363,9.73048739981299,90.2345907208706,"0.769","Or","Land","Tillering","LO1","20180506"
"20180506CHILC1","CHI",-22.0032967302142,465.611727525159,8.36393347447626,102.665848810385,"0.996","Cv","Land","Tillering","LC1","20180506"
"20180506DELLC1","DEL",-28.912048395159,469.742716164874,6.37876676151076,71.7612365056343,"0.846","Cv","Land","Tillering","LC1","20180506"
"20180506MUSLC1","MUS",-21.4362632464178,411.87417217425,15.2243094040751,116.389257254422,"0.879","Cv","Land","Tillering","LC1","20180506"
"20180506TETLC1","TET",-22.7640289542808,796.15502735669,9.52068778945678,213.449937526105,"0.825","Cv","Land","Tillering","LC1","20180506"
"20180506ARALC1","ARA",-24.9018792202312,344.656841944744,8.80241411471313,85.213749705955,"0.708","Cv","Land","Tillering","LC1","20180506"
"20180506SCILC1","SCI",-22.7175473769185,464.321244598042,8.42220770094596,85.6133166717826,"0.893","Cv","Land","Tillering","LC1","20180506"
"20180506SCILC1","SCI",-21.8014764894639,557.193325509622,8.04055159432351,94.5920394558463,"1.041","Cv","Land","Tillering","LC1","20180506"
"20180506CICLC1","CIC",-28.9628170297146,499.433225466926,6.83563206524992,107.885517897919,"0.987","Cv","Land","Tillering","LC1","20180506"
"20180506TETLC1","TET",-23.0049088828256,496.461022489093,9.99243241987374,139.064224213981,"1.074","Cv","Land","Tillering","LC1","20180506"
"20180506COCLC1","COC",-28.462589116153,360.383988814417,7.54275529618921,76.5685714640489,"0.725","Cv","Land","Tillering","LC1","20180506"
"20180506SCILC1","SCI",-23.3458586431437,395.972423794883,12.8038534500003,72.9022912299473,"0.8","Cv","Land","Tillering","LC1","20180506"
"20180506CICMC2","CIC",-28.7129393147468,319.803236947948,2.59651341894947,76.7369386533936,"0.675","Cv","Mount","Tillering","MC2","20180506"
"20180506CHIMC2","CHI",-29.2391721363877,243.465775431433,4.36241440229333,53.9337131933822,"0.516","Cv","Mount","Tillering","MC2","20180506"
"20180506MUSMC2","MUS",-24.4342597552183,476.380124614068,8.98629380478287,118.741598971998,"1.006","Cv","Mount","Tillering","MC2","20180506"
"20180506SCIMC2","SCI",-22.7425358002985,475.498334456789,9.22560290882019,101.34478220084,"0.985","Cv","Mount","Tillering","MC2","20180506"
"20180506ARAMC2","ARA",-26.0188501341926,454.984703867505,5.8097928650298,112.5776424172,"0.979","Cv","Mount","Tillering","MC2","20180506"
"20180506PYLMC2","PYL",-30.4273041928588,446.598270050611,8.83467789466317,101.393007939489,"0.905","Cv","Mount","Tillering","MC2","20180506"
"20180506PENMC2","PEN",-13.4320833129241,453.168305066522,5.11588520296399,94.4197848013969,"0.914","Cv","Mount","Tillering","MC2","20180506"
"20180506DELMC2","DEL",-24.4087665848008,543.780245172379,5.94267593676913,118.165909347786,"1.094","Cv","Mount","Tillering","MC2","20180506"
"20180506DELMC2","DEL",-28.6718393337865,522.731803697993,4.53164870579239,92.9320468991545,"0.977","Cv","Mount","Tillering","MC2","20180506"
"20180506MUSMC2","MUS",-22.3158295279297,553.933085079884,6.54952481504938,137.782553818055,"1.156","Cv","Mount","Tillering","MC2","20180506"
"20180506LYGMC2","LYG",-28.2435951883369,563.914450823549,5.6576048925807,104.887266095663,"1.078","Cv","Mount","Tillering","MC2","20180506"
"20180506TETMC2","TET",-25.6888005507886,461.536088522329,7.24344808384767,128.948917988347,"1.01","Cv","Mount","Tillering","MC2","20180506"
"20180506STRMC2","STR",-27.908140209454,342.378198847015,2.5512969001351,66.4994738091502,"0.711","Cv","Mount","Tillering","MC2","20180506"
"20180506SCIMC2","SCI",-24.9430546031067,467.547846208278,10.045322095434,107.126445261179,"0.994","Cv","Mount","Tillering","MC2","20180506"
"20180506SCIMC2","SCI",-26.0481085833998,477.575158142186,7.04326627168151,102.545127070244,"1.025","Cv","Mount","Tillering","MC2","20180506"
"20180506TETMC2","TET",-25.8044197571757,555.99146937591,6.7236780662816,157.050167314307,"1.207","Cv","Mount","Tillering","MC2","20180506"
"20180506DELMC3","DEL",-24.841521624148,482.621216406563,5.84387399574801,105.702079069677,"0.967","Cv","Mount","Tillering","MC3","20180506"
"20180506TETMC3","TET",-23.7332635449342,529.455844019878,8.80944626431344,147.583255014778,"1.163","Cv","Mount","Tillering","MC3","20180506"
"20180506MUSMC3","MUS",-20.1906840082157,527.854579808142,11.2532306431341,127.181998325144,"1.126","Cv","Mount","Tillering","MC3","20180506"
"20180506TETMC3","TET",-23.1170561432426,480.260581825218,9.24020154485586,130.000532031401,"1.039","Cv","Mount","Tillering","MC3","20180506"
"20180506DELMC3","DEL",-26.9270982835349,544.776521578934,6.87989552542115,93.187307397315,"1.048","Cv","Mount","Tillering","MC3","20180506"
"20180506MUSMC3","MUS",-16.9186783752598,553.171507075984,12.490189618614,122.353858567303,"1.176","Cv","Mount","Tillering","MC3","20180506"
"20180506CHIMC3","CHI",-26.3413551438691,322.976109068979,10.3801197845164,72.7192320874632,"0.692","Cv","Mount","Tillering","MC3","20180506"
"20180506TETMC3","TET",-23.7810848303642,515.518010626885,8.45086854249415,139.768330843561,"1.138","Cv","Mount","Tillering","MC3","20180506"
"20180506CHLMC3","CHL",-25.2122457729415,271.794193427198,12.3015839962223,63.7721655645417,"0.584","Cv","Mount","Tillering","MC3","20180506"
"20180506DELMC3","DEL",-27.2363552594272,510.723273293314,5.46810629613257,116.994528610339,"1.037","Cv","Mount","Tillering","MC3","20180506"
"20180506CICMC3","CIC",-28.4934146172044,305.846060004054,5.58071208042287,73.6351393569034,"0.637","Cv","Mount","Tillering","MC3","20180506"
"20180506CHILO2","CHI",-20.8048676445144,320.361799140491,7.46652377407046,70.3797262507108,"1.093","Or","Land","Tillering","LO2","20180506"
"20180506PYLLO2","PYL",-24.6250426997013,522.237573162167,7.82405022766142,113.565295468315,"1.06","Or","Land","Tillering","LO2","20180506"
"20180506TETLO2","TET",-23.540968060308,530.606987803555,9.2788215998111,147.971269362597,"1.15","Or","Land","Tillering","LO2","20180506"
"20180506DELLO2","DEL",-29.8050461264927,610.455913173124,4.74958625821677,107.921836747334,"1.144","Or","Land","Tillering","LO2","20180506"
"20180506DELLO2","DEL",-29.2969810430445,547.928264757234,4.04251879918313,99.8103706387646,"1.033","Or","Land","Tillering","LO2","20180506"
"20180506TETLO2","TET",-24.03958390126,511.849860623309,9.09482163885372,138.122681003965,"1.164","Or","Land","Tillering","LO2","20180506"
"20180506ARALO2","ARA",-24.5018092494186,504.32921970386,8.77530847693006,142.887010096992,"1.102","Or","Land","Tillering","LO2","20180506"
"20180506MUSLO2","MUS",-26.8062752756969,529.341549169024,7.70920293189718,133.936435860523,"1.133","Or","Land","Tillering","LO2","20180506"
"20180506COCLO2","COC",-27.9969248551106,502.993320124548,11.2044664975865,114.131891360929,"1.028","Or","Land","Tillering","LO2","20180506"
"20180506ARALO2","ARA",-23.9898584221411,507.146617447024,8.2106542851329,152.782547206233,"1.113","Or","Land","Tillering","LO2","20180506"
"20180506ICHLO2","ICH",-19.754560912911,456.684880574703,9.71064323263609,103.879548879643,"0.955","Or","Land","Tillering","LO2","20180506"
"20180506ARALO3","ARA",-24.835907859271,508.683117508995,8.47559065138178,129.36139164601,"1.106","Or","Land","Tillering","LO3","20180506"
"20180506DELLO3","DEL",-29.2924959978893,493.004824996965,3.22548608395955,101.058956099873,"0.959","Or","Land","Tillering","LO3","20180506"
"20180506TETLO3","TET",-22.8305587118339,502.80862133103,10.564808920621,141.474221877126,"1.126","Or","Land","Tillering","LO3","20180506"
"20180506TETLO3","TET",-23.9475658343747,456.392853900687,9.08223963025926,125.896923432219,"1.001","Or","Land","Tillering","LO3","20180506"
"20180506CICLO3","CIC",-29.1310522767481,549.1964621092,4.62382516038699,127.096444676071,"1.108","Or","Land","Tillering","LO3","20180506"
"20180506MUSLO3","MUS",-26.1103594321637,432.90585262916,8.74559449111473,96.0539528913784,"0.955","Or","Land","Tillering","LO3","20180506"
"20180506DELLO3","DEL",-26.854854934487,419.189945444786,2.65658542572056,89.4112809973308,"0.828","Or","Land","Tillering","LO3","20180506"
"20180506COCLO3","COC",-27.8960650300132,434.639599706448,10.4976152947953,91.3440090595084,"0.887","Or","Land","Tillering","LO3","20180506"
"20180506COCLO3","COC",-27.3301559369577,590.337415119506,9.85688582157583,120.544213641397,"1.161","Or","Land","Tillering","LO3","20180506"
"20180506COCLO3","COC",-28.0955384621354,554.125520977987,10.6800741785787,114.942821753049,"1.114","Or","Land","Tillering","LO3","20180506"
"20180506SCILC2","SCI",-24.6581820789399,515.846657197617,8.29278101587567,129.844716139255,"1.09","Cv","Land","Tillering","LC2","20180506"
"20180506DELLC2","DEL",-29.4492422466903,615.297937101957,4.18323304631117,104.63291162621,"1.125","Cv","Land","Tillering","LC2","20180506"
"20180506PYLLC2","PYL",-17.6416863024258,533.530939339165,0.0950365306276102,120.907026762014,"1.076","Cv","Land","Tillering","LC2","20180506"
"20180506CHILC2","CHI",-23.3678996938164,200.278024768743,6.18876244013203,37.6870725924409,"0.467","Cv","Land","Tillering","LC2","20180506"
"20180506CICLC2","CIC",-28.9811832861782,554.721775436547,3.74243657870642,120.409555019217,"1.076","Cv","Land","Tillering","LC2","20180506"
"20180506ARALC2","ARA",-24.2577028904864,524.944278860702,7.87983007055312,137.172262787792,"1.132","Cv","Land","Tillering","LC2","20180506"
"20180506DELLC2","DEL",-29.1638047430496,477.965564264522,5.45582792856881,81.3327309041639,"0.666","Cv","Land","Tillering","LC2","20180506"
"20180506SCILC2","SCI",-25.2331895447693,519.407988410471,7.92210118350143,109.228561353836,"1.061","Cv","Land","Tillering","LC2","20180506"
"20180506TETLC2","TET",-24.2395469788384,599.696896269134,9.56583948298132,159.131751300992,"1.02","Cv","Land","Tillering","LC2","20180506"
"20180506CICLC2","CIC",-25.7589230436615,1127.73825970279,6.97932734801211,267.902812629127,"1.093","Cv","Land","Tillering","LC2","20180506"
"20180506DELSO1","DEL",-28.8631226815856,286.120763378105,8.67541304831173,54.8962365894079,"0.563","Or","Sea","Tillering","SO1","20180506"
"20180506COCLC3","COC",-27.9712961423658,245.350828069354,8.97688300629913,52.7134864650839,"0.504","Cv","Land","Tillering","LC3","20180506"
"20180506DELSO1","DEL",-28.074449823433,312.624199926096,7.92659445507525,57.9826156082954,"0.615","Or","Sea","Tillering","SO1","20180506"
"20180506MUSSO1","MUS",-23.4389533208235,264.136236223999,12.0505028674947,61.9766748062058,"0.561","Or","Sea","Tillering","SO1","20180506"
"20180506EPHSO1","EPH",-22.1573425977342,330.902656090833,14.8057389647057,72.9654159140023,"0.711","Or","Sea","Tillering","SO1","20180506"
"20180506TETSO1","TET",-25.4831751413227,543.956839082445,10.9330214213604,115.129823084322,"1.084","Or","Sea","Tillering","SO1","20180506"
"20180506DELSO1","DEL",-28.8773399444348,382.366203475596,8.40469609339222,71.9874426565046,"0.74","Or","Sea","Tillering","SO1","20180506"
"20180506DELSO1","DEL",-29.238241208706,568.039074665013,8.76866867045312,101.517983090319,"1.097","Or","Sea","Tillering","SO1","20180506"
"20180506MUSSO1","MUS",-24.9550596898664,281.017922534756,11.2298212504856,63.1062132816477,"0.583","Or","Sea","Tillering","SO1","20180506"
"20180506ARASO1","ARA",-24.1097809233475,325.175121324564,12.6278354773266,81.3856700593446,"0.705","Or","Sea","Tillering","SO1","20180506"
"20180506SCISO1","SCI",-27.3597038809306,348.266753425699,10.8443365014394,58.2194152776358,"0.73","Or","Sea","Tillering","SO1","20180506"
"20180506CHISO1","CHI",-24.8195968702974,395.909919829327,10.223686557096,86.200980759167,"0.85","Or","Sea","Tillering","SO1","20180506"
"20180506COCSO1","COC",-26.2201275872056,364.096761410548,2.9565890350023,76.6348799149587,"0.719","Or","Sea","Tillering","SO1","20180506"
"20180506SCILC3","SCI",-27.4089821720588,294.069353492488,8.61958027527619,61.8728391170508,"0.647","Cv","Land","Tillering","LC3","20180506"
"20180506DELLC3","DEL",-29.0052862153998,376.370906573571,5.04428165025626,80.9548035067775,"0.755","Cv","Land","Tillering","LC3","20180506"
"20180506DELLC3","DEL",-29.0709728374364,249.269863019377,5.41951047846092,55.6072401032843,"0.507","Cv","Land","Tillering","LC3","20180506"
"20180506CHILC3","CHI",-26.1516133163742,273.653671155597,5.15050221110805,57.790528094027,"0.603","Cv","Land","Tillering","LC3","20180506"
"20180506TETLC3","TET",-27.7925462885596,947.859474654321,7.07670575174387,194.701138218374,"0.789","Cv","Land","Tillering","LC3","20180506"
"20180506ARALC3","ARA",-25.3859525811065,312.551166137984,7.86116176203652,81.8238877616125,"0.682","Cv","Land","Tillering","LC3","20180506"
"20180506ARALC3","ARA",-25.8903437383223,414.570016336628,8.67077310759588,115.522348554163,"0.914","Cv","Land","Tillering","LC3","20180506"
"20180506COCLC3","COC",-27.439322713537,526.37538903115,8.36003150755745,99.0628601428503,"0.993","Cv","Land","Tillering","LC3","20180506"
"20180506TETLC3","TET",-25.0454689468354,322.180932357081,8.76403017095019,87.0832627595681,"0.705","Cv","Land","Tillering","LC3","20180506"
"20180506CICLC3","CIC",-29.388187302676,372.367489611267,5.27254488492367,83.3870478022139,"0.753","Cv","Land","Tillering","LC3","20180506"
"20180506MUSLC3","MUS",-25.0559433579569,250.211130499047,10.303067225965,62.4817327229949,"0.546","Cv","Land","Tillering","LC3","20180506"
"20180506TETSC1","TET",-25.1218906275516,360.314379888746,7.90431048685351,95.2461348390287,"0.78","Cv","Sea","Tillering","SC1","20180506"
"20180506MUSSC1","MUS",-22.7476068681758,292.778842491396,9.74719538209327,67.5171987170976,"0.636","Cv","Sea","Tillering","SC1","20180506"
"20180506DELSC1","DEL",-27.0624320674746,315.580653582195,4.91620154851533,59.0907165397525,"0.622","Cv","Sea","Tillering","SC1","20180506"
"20180506CHISC1","CHI",-17.5469353219061,248.039577774391,10.7273151209008,62.0446238932736,"0.533","Cv","Sea","Tillering","SC1","20180506"
"20180506ARASC1","ARA",-24.2572933401869,357.120541910849,8.12150700220935,91.6145650790094,"0.765","Cv","Sea","Tillering","SC1","20180506"
"20180506TETSC1","TET",-23.7239975009259,468.778245384624,7.99584805386403,117.080971238528,"1.008","Cv","Sea","Tillering","SC1","20180506"
"20180506DOLSC1","DOL",-24.329841500986,408.575381039053,10.1535423724658,98.8417232154892,"1.068","Cv","Sea","Tillering","SC1","20180506"
"20180506EPHSC1","EPH",-26.4034111509932,494.957140449719,7.40509500913407,127.25637997247,"1.068","Cv","Sea","Tillering","SC1","20180506"
"20180506ICHSC1","ICH",-23.3321682489213,285.475160912952,10.3674664457671,71.4021256826792,"0.599","Cv","Sea","Tillering","SC1","20180506"
"20180506PENSC1","PEN",-27.7488302008094,373.321815995614,7.20258739163067,79.6433718797446,"0.74","Cv","Sea","Tillering","SC1","20180506"
"20180506ACRSC1","ACR",-26.9923296205625,260.092015635516,2.78601384586983,65.9508990027433,"0.584","Cv","Sea","Tillering","SC1","20180506"
"20180506CICLC3","CIC",-29.856722076153,294.372708310756,4.07597412288386,69.1052448377306,"0.6","Cv","Land","Tillering","LC3","20180506"
"20180506COCSC1","COC",-25.895816181259,310.213326051237,9.43690182279378,62.6211601174165,"0.622","Cv","Sea","Tillering","SC1","20180506"
"20180506TETSC1","TET",-23.9052157878806,450.280404244682,6.81026359426245,114.696132462198,"0.934","Cv","Sea","Tillering","SC1","20180506"
"20180506SCISC1","SCI",-25.123360164856,296.424517150185,11.1480383942539,53.4851018082197,"0.601","Cv","Sea","Tillering","SC1","20180506"
"20180506SCISC1","SCI",-23.6295257784019,333.338533413801,8.26836957137468,77.0316438228231,"0.694","Cv","Sea","Tillering","SC1","20180506"
"20180506PYLSC1","PYL",-31.0023762857661,282.465545521462,7.11423398640017,46.1299992232414,"0.513","Cv","Sea","Tillering","SC1","20180506"
"20180506DELSC1","DEL",-25.6439289547881,743.044590454331,6.71161754259317,141.80581405436,"0.754","Cv","Sea","Tillering","SC1","20180506"
"20180506EPHSC1","EPH",-24.5099044198043,404.5015123807,7.0734304181407,103.414355409516,"0.876","Cv","Sea","Tillering","SC1","20180506"
"20180608ACRMO1","ACR",-19.6757619635022,538.429472372676,5.22453208296188,117.796953053956,"1.167","Or","Mount","Flowering","MO1","20180608"
"20180608ACRMO1","ACR",-21.4437229528964,580.866053201966,6.68233115965914,124.783369920028,"1.198","Or","Mount","Flowering","MO1","20180608"
"20180608ACRMO1","ACR",-18.2026093336975,526.042775768761,3.30979501078014,101.48609964971,"1.059","Or","Mount","Flowering","MO1","20180608"
"20180608DELMO1","DEL",-28.438661863427,450.854243623775,5.89013343948948,77.5821885680908,"0.851","Or","Mount","Flowering","MO1","20180608"
"20180608CHRMO1","CHR",-18.8632820285502,539.293401836447,5.488987515493,112.033435968398,"1.09","Or","Mount","Flowering","MO1","20180608"
"20180608TETMO1","TET",-24.5004372488954,474.838281578541,11.2041757418294,113.977746411387,"1.113","Or","Mount","Flowering","MO1","20180608"
"20180608TETMO1","TET",-23.9786355752631,474.405064258587,8.24190194383698,132.547407186856,"1.087","Or","Mount","Flowering","MO1","20180608"
"20180608TETMO1","TET",-23.697474541051,257.031552615738,9.02476466062154,71.8621259153887,"0.559","Or","Mount","Flowering","MO1","20180608"
"20180608DELMC2","DEL",-28.9076514574664,607.293670216227,4.26598568683102,86.6859281590171,"1.085","Cv","Mount","Flowering","MC2","20180608"
"20180608DELMC2","DEL",-28.6619492466458,558.579035449087,4.5156319852424,89.7299251311209,"1.027","Cv","Mount","Flowering","MC2","20180608"
"20180608PENMC2","PEN",-21.0082017666885,628.240832290296,4.08722892236695,102.408191388009,"1.25","Cv","Mount","Flowering","MC2","20180608"
"20180608ARAMC2","ARA",-26.9109802634914,296.657509821048,6.35146020329263,59.3479555358035,"0.594","Cv","Mount","Flowering","MC2","20180608"
"20180608DELMC3","DEL",-28.3801049306625,327.494364167756,4.70498344372605,43.0716149522362,"0.572","Cv","Mount","Flowering","MC3","20180608"
"20180608SCIMC3","SCI",-25.6247791682282,278.747007050108,6.80031435041564,64.8356862882964,"0.573","Cv","Mount","Flowering","MC3","20180608"
"20180608CICMC3","CIC",-29.6135229655703,327.785077323962,2.94810654719654,63.1897058528983,"0.624","Cv","Mount","Flowering","MC3","20180608"
"20180608DELMC3","DEL",-28.571380771206,285.883784560846,5.07471260169749,42.8654038297658,"0.52","Cv","Mount","Flowering","MC3","20180608"
"20180608CHLMC3","CHL",-24.856335143993,292.290401926218,10.7164150306637,56.0537683284231,"0.611","Cv","Mount","Flowering","MC3","20180608"
"20180608SCIMC3","SCI",-24.359157272565,245.801317427077,9.87813469724967,53.6510245418167,"0.506","Cv","Mount","Flowering","MC3","20180608"
"20180608PENMC3","PEN",-28.823264417431,716.829158444174,3.61664154799947,101.11040630326,"1.264","Cv","Mount","Flowering","MC3","20180608"
"20180608TETMC3","TET",-25.7943619185067,405.995627419132,7.50683185836468,87.541084318721,"0.81","Cv","Mount","Flowering","MC3","20180608"
"20180608CICMC3","CIC",-27.8686902847476,398.172334936065,2.84171528425178,63.6012281859724,"0.766","Cv","Mount","Flowering","MC3","20180608"
"20180608DELMC3","DEL",-29.162361855853,401.794569344649,4.85662551705897,52.5867549808536,"0.697","Cv","Mount","Flowering","MC3","20180608"
"20180608PENMC1","PEN",-28.8256717848308,379.907357788934,3.64707627199557,49.599287001478,"0.659","Cv","Mount","Flowering","MC1","20180608"
"20180608DELMC1","DEL",-28.7185324512295,566.633717242823,4.95049594804234,83.4013964766056,"1.019","Cv","Mount","Flowering","MC1","20180608"
"20180608CICMO3","CIC",-23.7181743047843,402.808690010954,6.57646213419377,86.6175122632127,"0.792","Or","Mount","Flowering","MO3","20180608"
"20180608PYLMO3","PYL",-24.5872959738606,520.135050138839,10.2558148958122,123.079854203899,"1.056","Or","Mount","Flowering","MO3","20180608"
"20180608CICMC1","CIC",-28.4005802251081,708.686601821462,4.25390453310784,127.133704158964,"1.312","Cv","Mount","Flowering","MC1","20180608"
"20180608ARAMC1","ARA",-29.3092882849243,541.30910604179,4.8203577401143,125.805328104014,"1.105","Cv","Mount","Flowering","MC1","20180608"
"20180608PENMC1","PEN",-28.5331488425086,676.085925209896,3.98747291824946,68.0924997863867,"1.243","Cv","Mount","Flowering","MC1","20180608"
"20180608TETMC1","TET",-25.2282919991116,426.265510178471,6.17256045026063,86.7201359178622,"0.847","Cv","Mount","Flowering","MC1","20180608"
"20180608TETMC1","TET",-26.0011386905382,378.602147205926,6.94872505829689,71.622286052997,"0.752","Cv","Mount","Flowering","MC1","20180608"
"20180608TETMC1","TET",-23.2622223199358,365.545866082284,8.14159676897414,88.396161704627,"0.783","Cv","Mount","Flowering","MC1","20180608"
"20180607PENMC1","PEN",-20.0646995536878,564.764142349488,3.51505067428251,106.163911736025,"1.073","Cv","Mount","Flowering","MC1","20180607"
"20180608CICMC1","CIC",-28.7413866025895,273.356520677571,2.96256168285251,50.1144357481386,"0.519","Cv","Mount","Flowering","MC1","20180608"
"20180608DELMC1","DEL",-28.437332642978,350.303943364447,3.90904373084749,57.426487494144,"0.646","Cv","Mount","Flowering","MC1","20180608"
"20180608CICMO3","CIC",-25.5644535187561,355.562122191964,6.05960776286007,73.2649785262151,"0.693","Or","Mount","Flowering","MO3","20180608"
"20180608CHLMO3","CHL",-21.1956509428392,334.65150994196,12.6748345681104,65.3684867302376,"0.657","Or","Mount","Flowering","MO3","20180608"
"20180608CICMO3","CIC",-23.1394130558373,724.753125207217,5.96930907305794,146.965377922145,"1.405","Or","Mount","Flowering","MO3","20180608"
"20180608DELMO3","DEL",-25.6689304736724,327.436575349195,6.43274191342471,56.7030872221606,"0.617","Or","Mount","Flowering","MO3","20180608"
"20180608DELMO3","DEL",-27.9562901926949,527.3183509712,5.29155203592994,82.494908576384,"0.953","Or","Mount","Flowering","MO3","20180608"
"20180608PENMO3","PEN",-13.0765542487159,601.309027404127,3.56861997022053,76.5037393678857,"1.105","Or","Mount","Flowering","MO3","20180608"
"20180608COCMO3","COC",-25.0079906834742,613.569866140256,8.9339965439695,109.768260170689,"1.163","Or","Mount","Flowering","MO3","20180608"
"20180608PYRMO3","PYR",-30.0338299676317,476.901442536143,7.44859867991985,110.59096640419,"0.985","Or","Mount","Flowering","MO3","20180608"
"20180608PENMO3","PEN",-11.967159273094,693.245422388696,4.6709862073024,127.537334706385,"1.316","Or","Mount","Flowering","MO3","20180608"
"20180608CICMO3","CIC",-23.7673120741687,452.512515038458,5.32206665217975,99.2701288268736,"0.894","Or","Mount","Flowering","MO3","20180608"
"20180608DELMO3","DEL",-25.555491054384,678.185589904104,6.49830549203444,100.780648906407,"1.196","Or","Mount","Flowering","MO3","20180608"
"20180608CICLO1","CIC",-24.7180191111421,578.623238162695,5.42831341690384,115.422377963586,"1.117","Or","Land","Flowering","LO1","20180608"
"20180608PYRLO1","PYR",-19.4333665845094,524.886001039024,7.15630407460805,126.716658323868,"1.125","Or","Land","Flowering","LO1","20180608"
"20180608ARAMO2","ARA",-24.7907602338982,145.649840312209,6.57918433454048,36.8807827962066,"0.32","Or","Mount","Flowering","MO2","20180608"
"20180608PENMO2","PEN",-25.9542230675508,524.456735870195,7.04420341571616,111.584938461549,"1.026","Or","Mount","Flowering","MO2","20180608"
"20180608ACRMO2","ACR",-26.0395426854271,545.338264615841,9.74015039487837,96.3511419175039,"1.05","Or","Mount","Flowering","MO2","20180608"
"20180608DELMO2","DEL",-27.7274646443589,557.200734796825,6.56300405734017,86.8301121431204,"1.07","Or","Mount","Flowering","MO2","20180608"
"20180608DELMO2","DEL",-26.3697153073524,843.99404764328,7.51264972115801,145.294489482212,"1.602","Or","Mount","Flowering","MO2","20180608"
"20180608DELMO2","DEL",-28.5586183428946,588.613490387269,6.96609045922996,89.581214434113,"1.085","Or","Mount","Flowering","MO2","20180608"
"20180608CICMO2","CIC",-26.5795545909642,626.963649382351,8.40367543071251,115.833405073967,"1.193","Or","Mount","Flowering","MO2","20180608"
"20180608PYRMO2","PYR",-29.3091084047619,316.321184408191,7.44622723088975,79.3966738129753,"0.677","Or","Mount","Flowering","MO2","20180608"
"20180608TETMO2","TET",-24.0113315633284,645.331560554141,9.33961426768758,163.107487471678,"1.377","Or","Mount","Flowering","MO2","20180608"
"20180608PENLO1","PEN",-20.0822880064912,425.07987234869,4.32222735123678,74.6778151741409,"0.864","Or","Land","Flowering","LO1","20180608"
"20180608DELLO1","DEL",-25.6070056472475,577.338457858163,5.39190459496129,102.3594753034,"1.076","Or","Land","Flowering","LO1","20180608"
"20180608DELLO1","DEL",-25.8353722560574,503.699281867975,5.60230032209301,89.6155962928039,"0.948","Or","Land","Flowering","LO1","20180608"
"20180608COCLO1","COC",-27.5077061170059,685.14846489418,8.2267485104782,101.810359302841,"1.225","Or","Land","Flowering","LO1","20180608"
"20180608CICLO1","CIC",-24.141630587046,479.625651156261,5.94567527302009,88.8247703146058,"0.903","Or","Land","Flowering","LO1","20180608"
"20180608ARALO1","ARA",-24.2351523205149,604.873909576048,6.6621873015158,146.999473414653,"1.263","Or","Land","Flowering","LO1","20180608"
"20180608DELSO1","DEL",-28.8280374403767,477.474987085883,4.75704810622213,77.5715103007607,"0.894","Or","Sea","Flowering","SO1","20180608"
"20180608MUSSO1","MUS",-24.9346147867879,560.486830443238,9.16724413233565,78.6735532274963,"1.233","Or","Sea","Flowering","SO1","20180608"
"20180608SCISO1","SCI",-25.7905392751395,615.707704150475,7.80587422898564,133.928400651888,"1.261","Or","Sea","Flowering","SO1","20180608"
"20180608DELSO1","DEL",-28.8648068230124,716.383775355418,5.64212670836529,109.014026333364,"1.284","Or","Sea","Flowering","SO1","20180608"
"20180608CHISO1","CHI",-24.3413337649854,464.997150237568,3.20696428735279,102.050602935266,"0.952","Or","Sea","Flowering","SO1","20180608"
"20180608SCISO1","SCI",-25.0215275487902,483.209642181816,9.50987609899439,96.8663469574621,"0.982","Or","Sea","Flowering","SO1","20180608"
"20180608DELLO3","DEL",-28.8527266218294,554.628676339492,4.83627125286186,85.0413092525799,"1","Or","Land","Flowering","LO3","20180608"
"20180608CICLO3","CIC",-28.2860412071924,500.404984908165,4.67328759240016,103.629138523641,"0.972","Or","Land","Flowering","LO3","20180608"
"20180608CICLO3","CIC",-27.9686910196864,529.178208126496,5.32412184715244,92.5030624423649,"0.991","Or","Land","Flowering","LO3","20180608"
"20180608CICLC2","CIC",-28.9965288045919,437.292162794242,2.66023901413281,94.9427186577014,"0.87","Cv","Land","Flowering","LC2","20180608"
"20180608DELLC2","DEL",-28.48515343793,1101.34479499046,5.15979349282705,187.587595329927,"1.234","Cv","Land","Flowering","LC2","20180608"
"20180608DELLC2","DEL",-28.394375424854,483.926373023166,3.8387983740512,89.3405366391164,"0.921","Cv","Land","Flowering","LC2","20180608"
"20180608TETSO1","TET",-26.9208540103701,422.924088632449,7.70403764369824,73.0237338081912,"0.833","Or","Sea","Flowering","SO1","20180608"
"20180608DELSO1","DEL",-28.8647428868485,583.048035671208,4.38850526048465,92.9841895886912,"1.061","Or","Sea","Flowering","SO1","20180608"
"20180608CICSO1","CIC",-24.8842398570608,493.671683174113,3.49648950849614,103.594826377004,"0.973","Or","Sea","Flowering","SO1","20180608"
"20180608ARASO1","ARA",-27.5188311114653,525.315258124203,6.3088789331544,89.1342347226098,"1.03","Or","Sea","Flowering","SO1","20180608"
"20180608DELSO1","DEL",-27.7272105724467,486.076430819692,5.5693366363163,81.0148135130263,"0.894","Or","Sea","Flowering","SO1","20180608"
"20180608CHISO1","CHI",-24.4233169904481,170.028856285482,11.7148858270334,38.6473460275763,"0.36","Or","Sea","Flowering","SO1","20180608"
"20180608CICLC3","CIC",-28.5384861107292,549.13915960927,2.85658168582349,117.379776402884,"1.085","Cv","Land","Flowering","LC3","20180608"
"20180608COCLC3","COC",-28.1652879765045,621.438912181356,6.19249964289512,83.2543893185947,"1.114","Cv","Land","Flowering","LC3","20180608"
"20180608DELLC3","DEL",-28.8234216217913,498.143148195733,3.4861268771909,83.9016145854996,"0.959","Cv","Land","Flowering","LC3","20180608"
"20180608CICLC3","CIC",-28.0063713907065,527.790593283015,3.98810499341379,106.365426293175,"1.043","Cv","Land","Flowering","LC3","20180608"
"20180608CICLC3","CIC",-28.1182974766252,595.757230336849,3.05669954279568,132.153747155733,"1.215","Cv","Land","Flowering","LC3","20180608"
"20180608DELLC3","DEL",-28.6963499257487,530.899914490417,3.79273986172788,92.4489655067087,"1.011","Cv","Land","Flowering","LC3","20180608"
"20180608CICLC3","CIC",-27.7995231895655,535.460063133386,3.14675865905053,115.34074468435,"1.091","Cv","Land","Flowering","LC3","20180608"
"20180608DELLC3","DEL",-28.9525983604815,692.647462766602,3.28147190297534,107.657687505074,"1.265","Cv","Land","Flowering","LC3","20180608"
"20180608DELLC3","DEL",-28.6520992748887,563.852291264188,4.2040625479633,98.2690418932894,"1.091","Cv","Land","Flowering","LC3","20180608"
"20180608PENLC3","PEN",-28.6197351419047,410.804242609667,5.47713460465727,83.6291023655684,"0.849","Cv","Land","Flowering","LC3","20180608"
"20180608TETLC3","TET",-27.8122119313811,478.23463737993,5.48341711037371,100.888979066576,"0.974","Cv","Land","Flowering","LC3","20180608"
"20180608ARALO2","ARA",-27.1665525873221,299.073128646743,7.60206826845569,64.8128255972785,"0.64","Or","Land","Flowering","LO2","20180608"
"20180608DELLO2","DEL",-28.4751923006499,479.893843517977,4.59871208371803,81.3806722043824,"0.918","Or","Land","Flowering","LO2","20180608"
"20180608DELLO2","DEL",-28.4031362761301,651.667862455709,5.25324441246629,116.020455395893,"1.258","Or","Land","Flowering","LO2","20180608"
"20180608CICLO2","CIC",-28.5609255448434,623.716780862766,4.50414529990592,113.539349419648,"1.219","Or","Land","Flowering","LO2","20180608"
"20180608DELLO2","DEL",-28.6473123191122,573.590681386393,4.02131260860812,94.6615635221706,"1.095","Or","Land","Flowering","LO2","20180608"
"20180608CICLO2","CIC",-27.9308142347949,466.204503466868,4.62450858209717,96.6355832645096,"0.934","Or","Land","Flowering","LO2","20180608"
"20180608CICLO2","CIC",-28.3354294940081,606.320722563207,5.30304448615509,129.234171943267,"1.217","Or","Land","Flowering","LO2","20180608"
"20180608CICLC1","CIC",-27.8349530369245,476.367994926019,3.97054809931621,99.2218037244734,"0.948","Cv","Land","Flowering","LC1","20180608"
"20180608SCILC1","SCI",-26.0114275736547,481.553019916012,5.97008271417755,83.2884545594472,"1.025","Cv","Land","Flowering","LC1","20180608"
"20180608DELLC1","DEL",-27.6077492387108,481.967809368644,3.91964646335595,82.573066928727,"0.953","Cv","Land","Flowering","LC1","20180608"
"20180608CICLC1","CIC",-28.1655987000185,604.663784101039,2.62972845611536,111.397762488937,"1.17","Cv","Land","Flowering","LC1","20180608"
"20180608TETLC1","TET",-23.1776275853284,534.423685463756,10.0208363481915,138.907135445338,"1.165","Cv","Land","Flowering","LC1","20180608"
"20180608DELLC1","DEL",-27.7733859460187,616.675914154615,2.92171488835945,116.768098518394,"1.199","Cv","Land","Flowering","LC1","20180608"
"20180608CICLC1","CIC",-28.3111065003482,591.821502646977,3.30218512653015,119.48645936731,"1.187","Cv","Land","Flowering","LC1","20180608"
"20180608DELLC1","DEL",-27.3417622159953,380.704078402535,2.86965862859672,74.0537128527097,"0.751","Cv","Land","Flowering","LC1","20180608"
"20180608CICLC1","CIC",-27.1335766717793,605.492257049625,3.3151767763289,126.959190259217,"1.209","Cv","Land","Flowering","LC1","20180608"
"20180608TETSC1","TET",-24.8450226426656,290.13714202957,7.68169694695198,76.4055771179448,"0.628","Cv","Sea","Flowering","SC1","20180608"
"20180608COCSC1","COC",-28.0799418387981,634.277073714444,8.41158918817328,120.845438959578,"1.236","Cv","Sea","Flowering","SC1","20180608"
"20180608HESSC1","HES",-30.2607787337025,531.729049154258,7.53994467570897,133.036287591074,"1.219","Cv","Sea","Flowering","SC1","20180608"
"20180608MUSSC1","MUS",-24.8230536661288,499.387287927291,11.1359485981453,112.213644291485,"1.061","Cv","Sea","Flowering","SC1","20180608"
"20180608COCSC1","COC",-26.3702750359838,475.745772410338,8.65296759227869,91.0190987598878,"0.951","Cv","Sea","Flowering","SC1","20180608"
"20180608SCISC1","SCI",-25.8317257539807,445.666698053577,6.75211456469201,97.6224875732592,"0.926","Cv","Sea","Flowering","SC1","20180608"
"20180608SCISC1","SCI",-26.3823022024414,623.30262710288,8.77133821775836,128.724880320875,"1.314","Cv","Sea","Flowering","SC1","20180608"
"20180608DELSC1","DEL",-29.2439489374378,603.421060737532,4.86806136586246,100.923000961148,"1.13","Cv","Sea","Flowering","SC1","20180608"
"20180608DELSC1","DEL",-29.4328559050449,462.263257610793,5.20208242194035,71.2582256625385,"0.846","Cv","Sea","Flowering","SC1","20180608"
"20180608CHLSC1","CHL",-25.6056350994103,333.354405579022,10.6132036340268,62.5272306851078,"0.709","Cv","Sea","Flowering","SC1","20180608"
"20180608CICSC1","CIC",-29.3245614254862,496.898991735419,5.32209259513484,93.3680876102427,"0.961","Cv","Sea","Flowering","SC1","20180608"
"20180608DELSC1","DEL",-28.9399596149085,568.618014684173,5.8344176400878,101.739501326841,"1.086","Cv","Sea","Flowering","SC1","20180608"
"20180608MUSSC1","MUS",-26.5819148870788,552.040525909356,11.7891038463057,112.723545941654,"1.073","Cv","Sea","Flowering","SC1","20180608"
"20180608DELSC1","DEL",-28.6216693470345,593.892959184171,6.13757201434498,102.964161500896,"1.118","Cv","Sea","Flowering","SC1","20180608"
"20180608SCISC1","SCI",-25.850898845085,600.728436061002,8.72044631253264,127.230849611781,"1.273","Cv","Sea","Flowering","SC1","20180608"
"20180608DELMO2","DEL",-27.5394470066639,439.857199600778,6.90649231144397,76.0306689290265,"0.863","Or","Mount","Flowering","MO2","20180608"
"20180608COCMO2","COC",-28.3994076431475,431.97229755363,9.35545885874104,56.0095177241061,"0.757","Or","Mount","Flowering","MO2","20180608"
"20180608ACRMO2","ACR",-26.4555853619185,592.85723672417,9.30720549832693,94.3552248843327,"1.129","Or","Mount","Flowering","MO2","20180608"
"20180608PENMO2","PEN",-25.7995147738498,547.481195116704,6.7263462894337,117.923467317005,"1.106","Or","Mount","Flowering","MO2","20180608"
"20180629PENMO1","PEN",-29.2811443165997,669.311678714474,7.55587083056869,108.744269912779,"1.172","Or","Mount","Ripening","MO1","20180629"
"20180629CICMO1","CIC",-27.2738232801681,567.280750336673,5.80337755990499,88.5846602402296,"1.014","Or","Mount","Ripening","MO1","20180629"
"20180629EPHMO1","EPH",-18.6268127909101,448.179882845739,12.1928325327121,95.5775170635332,"0.947","Or","Mount","Ripening","MO1","20180629"
"20180629PENMO1","PEN",-18.6539054165494,656.791582429649,4.5189766573191,118.775924998186,"1.181","Or","Mount","Ripening","MO1","20180629"
"20180629ARAMO1","ARA",-25.1931653808381,556.897177505542,6.48152250121589,130.311024267614,"1.128","Or","Mount","Ripening","MO1","20180629"
"20180629COCMO1","COC",-28.8213275593985,674.530569243561,7.57291012953114,93.2482742477093,"1.153","Or","Mount","Ripening","MO1","20180629"
"20180629CICMO1","CIC",-25.047355389667,540.294148474522,3.57690922616047,104.103448686774,"1.005","Or","Mount","Ripening","MO1","20180629"
"20180629CICMO2","CIC",-27.2065021747764,618.234530187598,6.71464651699687,118.00539886146,"1.554","Or","Mount","Ripening","MO2","20180629"
"20180629DELMO2","DEL",-26.3510938796502,533.034459541012,4.41729420637188,104.103448686774,"1.008","Or","Mount","Ripening","MO2","20180629"
"20180629CICMO2","CIC",-27.3650199459893,558.973481014122,5.83915065064301,108.744269912779,"1.065","Or","Mount","Ripening","MO2","20180629"
"20180629MUSMO2","MUS",-25.8105230987704,425.472802048896,11.6829130060132,115.692680812205,"0.896","Or","Mount","Ripening","MO2","20180629"
"20180629CICMO2","CIC",-27.4693090384738,726.790125067307,6.34199070300907,133.379833025327,"1.377","Or","Mount","Ripening","MO2","20180629"
"20180629CICMO2","CIC",-26.4512512943243,495.738686281623,6.49191557374507,97.9050504207465,"0.948","Or","Mount","Ripening","MO2","20180629"
"20180629PYRMO2","PYR",-29.1033771247205,589.102978190014,10.5638886688357,141.803387071774,"1.197","Or","Mount","Ripening","MO2","20180629"
"20180629CICMO3","CIC",-21.2439417695311,774.9823683354,6.38298831501013,139.508333428164,"1.424","Or","Mount","Ripening","MO3","20180629"
"20180629PENMO3","PEN",-21.5935222201151,653.662714458072,5.31245690505241,119.546261195068,"1.259","Or","Mount","Ripening","MO3","20180629"
"20180629CICMO3","CIC",-13.2669102930828,714.236116526702,2.60077331057094,131.845808526161,"1.318","Or","Mount","Ripening","MO3","20180629"
"20180629CICMO3","CIC",-11.4606398536529,477.115771403912,6.08324686693104,104.877393740722,"0.949","Or","Mount","Ripening","MO3","20180629"
"20180629ACRMO3","ACR",-23.0880339034923,579.747820185187,7.78557394063356,144.86079943875,"1.192","Or","Mount","Ripening","MO3","20180629"
"20180629CICMO3","CIC",-13.5648104783017,573.513360381227,5.66974388232386,133.379833025327,"0.854","Or","Mount","Ripening","MO3","20180629"
"20180629ACRMO3","ACR",-15.9953885045441,571.435618170887,6.11404412576296,135.679445225233,"1.151","Or","Mount","Ripening","MO3","20180629"
"20180629PENMO3","PEN",-29.7483842834049,620.316896796454,6.56504722621776,75.4901637400517,"1.112","Or","Mount","Ripening","MO3","20180629"
"20180629CICMC1","CIC",-29.0607299934036,677.662520147482,4.80117658225217,107.198089263493,"1.233","Cv","Mount","Ripening","MC1","20180629"
"20180629PYRMC1","PYR",-32.5027785614809,718.419963924945,5.5208908383161,151.728865783476,"1.416","Cv","Mount","Ripening","MC1","20180629"
"20180629PENMC1","PEN",-28.4147789366534,952.969965695077,3.97840558167041,211.354995017115,"1.525","Cv","Mount","Ripening","MC1","20180629"
"20180629ALYMC1","ALY",-30.0806688603208,716.327937461412,6.29198435082178,126.470739673945,"1.32","Cv","Mount","Ripening","MC1","20180629"
"20180629ARAMC1","ARA",-27.101613334402,464.709743615802,7.67081600430308,104.877393740722,"0.935","Cv","Mount","Ripening","MC1","20180629"
"20180629PENMC1","PEN",-12.2352353879716,607.82578007566,3.62466158416048,130.311024267614,"1.197","Cv","Mount","Ripening","MC1","20180629"
"20180629CICMC1","CIC",-17.5199573722869,819.078936070277,5.15157490965361,165.418843090441,"1.561","Cv","Mount","Ripening","MC1","20180629"
"20180629PENMC2","PEN",-30.0368356764278,641.151866970278,4.71225387000631,111.062116337865,"1.212","Cv","Mount","Ripening","MC2","20180629"
"20180629COCMC2","COC",-25.3436284689451,770.787422380719,5.70342918505068,114.149919080141,"1.416","Cv","Mount","Ripening","MC2","20180629"
"20180629COCMC2","COC",-26.8688522737477,820.129959067102,7.60475102141005,115.692680812205,"1.472","Cv","Mount","Ripening","MC2","20180629"
"20180629PENMC2","PEN",-29.187964749057,481.252758230532,4.66739869060447,89.3624040910903,"0.923","Cv","Mount","Ripening","MC2","20180629"
"20180629DELMC2","DEL",-29.0542051836334,524.740755120773,3.79844952903407,101.005769072525,"1.162","Cv","Mount","Ripening","MC2","20180629"
"20180629CICMC2","CIC",-28.2473906052827,469.878022672248,2.90234894804046,93.2482742477093,"0.905","Cv","Mount","Ripening","MC2","20180629"
"20180629CICMC2","CIC",-27.4655082884654,435.791119478753,3.36274812923955,78.1445672423901,"1.254","Cv","Mount","Ripening","MC2","20180629"
"20180629SCIMC3","SCI",-27.1123122153752,437.855399551194,5.66478233494842,83.9142083983072,"1.084","Cv","Mount","Ripening","MC3","20180629"
"20180629SCIMC3","SCI",-26.6292849989679,526.813872932599,7.23370295159757,83.1351349685272,"0.992","Cv","Mount","Ripening","MC3","20180629"
"20180629PENMC3","PEN",-29.3300496565486,902.268061395298,7.11657709285338,114.149919080141,"1.575","Cv","Mount","Ripening","MC3","20180629"
"20180629DELMC3","DEL",-28.9757902161039,751.920339261391,5.86758217721875,128.775480249683,"1.443","Cv","Mount","Ripening","MC3","20180629"
"20180629ARAMC3","ARA",-26.0066691580842,405.882154729844,7.46734593340497,98.6805149934596,"0.864","Cv","Mount","Ripening","MC3","20180629"
"20180629CICMC3","CIC",-28.3498755716629,810.672601855084,4.10344045571728,142.568025073287,"1.525","Cv","Mount","Ripening","MC3","20180629"
"20180629CICMC3","CIC",-29.9860615269355,531.997566650763,3.82209567574963,95.5775170635332,"0.997","Cv","Mount","Ripening","MC3","20180629"
"20180629CICMC3","CIC",-28.4181703318736,770.787422380719,3.03524792204187,137.977347966528,"1.462","Cv","Mount","Ripening","MC3","20180629"
"20180629ARALO1","ARA",-24.3529795949732,584.944616365812,6.71367491602002,130.311024267614,"1.193","Or","Land","Ripening","LO1","20180629"
"20180629CICLO1","CIC",-23.8449502311682,629.690089955491,4.67291814107283,111.834351933202,"1.184","Or","Land","Ripening","LO1","20180629"
"20180629COCLO1","COC",-19.5280131583831,938.169681309345,7.00810357025574,107.198089263493,"1.583","Or","Land","Ripening","LO1","20180629"
"20180629PENLO1","PEN",-30.0388341804507,668.268054755274,7.52880890906823,93.2482742477093,"1.194","Or","Land","Ripening","LO1","20180629"
"20180629CICLO1","CIC",-25.4526771471645,604.70415699509,4.89942422984319,98.6805149934596,"1.109","Or","Land","Ripening","LO1","20180629"
"20180629PENLO1","PEN",-29.5791590363829,605.744646639741,7.32206209988332,87.8067264495233,"1.077","Or","Land","Ripening","LO1","20180629"
"20180629PYRLO1","PYR",-29.8178763222533,477.115771403912,0.627410003254498,115.692680812205,"0.972","Or","Land","Ripening","LO1","20180629"
"20180629CICLO1","CIC",-26.7480858717865,716.327937461412,5.22384536575661,139.508333428164,"1.386","Or","Land","Ripening","LO1","20180629"
"20180629CICLO1","CIC",-25.841806266369,724.697276488482,5.01344646956136,137.977347966528,"1.392","Or","Land","Ripening","LO1","20180629"
"20180629DELLO2","DEL",-29.9504951596979,541.331452422418,5.27820914107679,74.7871599852432,"0.963","Or","Land","Ripening","LO2","20180629"
"20180629COCLO2","COC",-29.1419418851877,901.213030586426,6.72767961692312,95.5775170635332,"1.488","Or","Land","Ripening","LO2","20180629"
"20180629COCLO2","COC",-27.4375690649824,801.219406601729,6.56659852431102,104.103448686774,"1.387","Or","Land","Ripening","LO2","20180629"
"20180629CICLO2","CIC",-28.827687427563,664.09407274053,3.92980848871664,134.91309776511,"1.279","Or","Land","Ripening","LO2","20180629"
"20180629ARALO2","ARA",-28.5887797437011,672.442858885309,7.46674131654042,116.463776768469,"1.298","Or","Land","Ripening","LO2","20180629"
"20180629CICLO2","CIC",-29.7010969987055,729.929783302087,3.39754794787668,135.679445225233,"1.376","Or","Land","Ripening","LO2","20180629"
"20180629DELLO2","DEL",-30.255806225428,717.373925002076,5.00105637507388,103.32931369298,"1.303","Or","Land","Ripening","LO2","20180629"
"20180629DELLO3","DEL",-30.164639354826,521.631463769578,5.42072922209297,76.4272627555909,"0.935","Or","Land","Ripening","LO3","20180629"
"20180629COCLO3","COC",-29.8429967715209,505.056386658475,6.13363765816424,58.2615424732286,"0.858","Or","Land","Ripening","LO3","20180629"
"20180629CICLO3","CIC",-28.8281537663817,562.088321643536,4.43771852939693,101.780473885856,"1.069","Or","Land","Ripening","LO3","20180629"
"20180629CICLO3","CIC",-28.3412719297186,563.126704617752,4.36505653953097,114.921394916096,"1.102","Or","Land","Ripening","LO3","20180629"
"20180629ARALO3","ARA",-26.244881808873,620.316896796454,9.3394032512856,162.381944226793,"1.335","Or","Land","Ripening","LO3","20180629"
"20180629SCILO3","SCI",-27.7284820949627,569.358081489368,6.0411419269468,103.32931369298,"1.083","Or","Land","Ripening","LO3","20180629"
"20180629ARALO3","ARA",-27.64816064655,500.914672668928,8.16903549985126,114.921394916096,"1.03","Or","Land","Ripening","LO3","20180629"
"20180629MUSLO3","MUS",-26.4443051340579,513.342280983443,8.97405793223247,124.933296257558,"1.126","Or","Land","Ripening","LO3","20180629"
"20180629COCLO3","COC",-29.7237246386379,896.993421172997,6.49348813504734,110.289690802682,"1.56","Or","Land","Ripening","LO3","20180629"
"20180629CICLO3","CIC",-28.8719166754842,690.194948161681,4.97704067208402,121.086363769293,"1.258","Or","Land","Ripening","LO3","20180629"
"20180629CICLC1","CIC",-28.065014683188,728.883179174955,2.50611388015979,135.679445225233,"1.386","Cv","Land","Ripening","LC1","20180629"
"20180629COCLC1","COC",-29.5721344292046,628.648418520109,6.85394502388584,63.2829868206708,"1.032","Cv","Land","Ripening","LC1","20180629"
"20180629SCILC1","SCI",-27.8125281730423,568.319390221918,6.43067186108778,80.7967750401131,"1.119","Cv","Land","Ripening","LC1","20180629"
"20180629COCLC1","COC",-28.9737735053842,738.304466078553,6.65395678553678,88.5846602402296,"1.255","Cv","Land","Ripening","LC1","20180629"
"20180629PENLC1","PEN",-29.1848043134992,570.396824139025,2.76450281514357,104.877393740722,"1.071","Cv","Land","Ripening","LC1","20180629"
"20180629CICLC1","CIC",-28.6323517685755,604.70415699509,3.28646022158965,122.625706584136,"1.206","Cv","Land","Ripening","LC1","20180629"
"20180629COCLC1","COC",-29.3337438568379,668.268054755274,5.83860010043733,76.6614947730104,"1.108","Cv","Land","Ripening","LC1","20180629"
"20180629CICLC1","CIC",-28.2573500491489,589.102978190014,3.21185862860005,114.921394916096,"1.129","Cv","Land","Ripening","LC1","20180629"
"20180629CICLC2","CIC",-28.6541315545184,611.988663533966,4.63304521493485,115.692680812205,"1.166","Cv","Land","Ripening","LC2","20180629"
"20180629DELLC2","DEL",-29.484083687713,679.750744327791,6.43529369624381,103.32931369298,"1.23","Cv","Land","Ripening","LC2","20180629"
"20180629COCLC2","COC",-29.0887783632132,554.821079525784,7.65822209735706,55.7479028234786,"0.906","Cv","Land","Ripening","LC2","20180629"
"20180629CICLC2","CIC",-28.2627821532676,575.591308120391,4.89687450214213,103.32931369298,"1.062","Cv","Land","Ripening","LC2","20180629"
"20180629PENLC3","PEN",-29.8847963248936,582.865743746945,5.25966378172132,121.086363769293,"1.195","Cv","Land","Ripening","LC3","20180629"
"20180629COCLC3","COC",-29.931421400939,987.896197219129,5.62846129888489,101.780473885856,"1.637","Cv","Land","Ripening","LC3","20180629"
"20180629CICLC3","CIC",-28.3381747173395,643.236494396186,3.18546990675876,106.424714029082,"1.17","Cv","Land","Ripening","LC3","20180629"
"20180629CICLC3","CIC",-28.8239519607663,599.502479504921,2.8761030632718,105.651148854825,"1.117","Cv","Land","Ripening","LC3","20180629"
"20180629PENLC3","PEN",-30.3635776952683,622.399468934133,5.4680269382825,69.2358471834712,"1.061","Cv","Land","Ripening","LC3","20180629"
"20180629CICLC3","CIC",-29.0879422157883,594.302086569896,2.7942319367732,99.4557896263271,"1.119","Cv","Land","Ripening","LC3","20180629"
"20180629DELMO2","DEL",-27.8218281068062,553.783107609214,6.6078428260955,90.1399580021053,"1.048","Or","Mount","Ripening","MO2","20180629"
"20180629PENMO1","PEN",-29.858222055162,990.014736900818,6.95798725428357,107.198089263493,"1.64","Or","Mount","Ripening","MO1","20180629"
"20180629PENMC1","PEN",-30.8579520646846,657.834641184586,5.45469930233367,94.8012927314375,"1.199","Cv","Mount","Ripening","MC1","20180629"
"20180629COCSO1","COC",-28.7943181726844,634.89921786549,9.97310333072508,101.780473885856,"1.316","Or","Sea","Ripening","SO1","20180629"
"20180629PENSO1","PEN",-29.0222214948449,543.406214464827,6.70319849765786,124.933296257558,"1.195","Or","Sea","Ripening","SO1","20180629"
"20180629MUSSO1","MUS",-21.935730854484,602.623331852405,11.6749305090448,134.146560365141,"1.373","Or","Sea","Ripening","SO1","20180629"
"20180629CICSO1","CIC",-27.6541128395542,386.310056387059,4.68980509536682,90.9173219732748,"0.778","Or","Sea","Ripening","SO1","20180629"
"20180629COCSO1","COC",-29.1180328980585,710.05309124375,8.09488421686913,101.780473885856,"1.237","Or","Sea","Ripening","SO1","20180629"
"20180629SCISO1","SCI",-26.7113357598871,607.82578007566,8.82196411241205,147.151864345603,"1.268","Or","Sea","Ripening","SO1","20180629"
"20180629COCSC1","COC",-28.0710439304706,641.151866970278,7.83991742480659,83.1351349685272,"1.109","Cv","Sea","Ripening","SC1","20180629"
"20180629LYGSC1","LYG",-28.3305149991599,547.556355136113,2.9722585505515,112.606397588694,"1.049","Cv","Sea","Ripening","SC1","20180629"
"20180629COCSC1","COC",-28.8820303171361,733.069903976719,6.64611988241212,87.8067264495233,"1.234","Cv","Sea","Ripening","SC1","20180629"
