"Source","d13C","d15N","Concd13C","Concd15N","Farm"
"Rice_herb",-24.59,7.78,50.88,9.57,"MO_2017"
"Rice_herb",-24.29,5.24,49.62,10.94,"MO_2017"
"Rice_herb",-26.58,7.87,51.42,10.59,"MO_2017"
"Rice_herb",-28.4,8.88,44.89,9.82,"MO_2017"
"Rice_herb",-25.3,6,49.62,10.88,"MO_2017"
"Rice_herb",-27.89,7.44,51.77,9.61,"MO_2017"
"Rice_herb",-26.23,7.49,51.52,9.92,"MO_2017"
"Rice_herb",-13.51,8.34,48.87,11.64,"MC_2017"
"Rice_herb",-26.53,4.38,52.57,10.55,"MC_2017"
"Rice_herb",-23.3,3.22,53.16,9.69,"MC_2017"
"Rice_herb",-28.82,6.91,52.69,9.67,"MC_2017"
"Rice_herb",-28.76,2.65,52.53,10.25,"GC_2017"
"Rice_herb",-28.9,5.25,55.81,9.02,"GC_2017"
"Rice_herb",-28.63,3.76,52.15,10.11,"GC_2017"
"Rice_herb",-28.5,9.79,49.94,10.88,"MO_2017"
"Rice_herb",-29.65,8.95,54.47,9.01,"MO_2017"
"Rice_herb",-29.52,9.58,53.72,9.52,"MO_2017"
"Rice_herb",-29.51,9.02,53.68,8.97,"MO_2017"
"Rice_herb",-16.43,4.69,53.25,10.32,"MO_2017"
"Rice_herb",-24.58,6.89,50.5,10.5,"MO_2017"
"Rice_herb",-25.85,9.05,50.32,11.51,"MO_2017"
"Rice_herb",-29,7.9,47.48,8.78,"MO_2017"
"Rice_herb",-30.67,7.04,46.4,7.45,"MC_2017"
"Rice_herb",-30.86,6.63,51.2,8.31,"MC_2017"
"Rice_herb",-31.22,6.98,49.91,8.82,"MC_2017"
"Rice_herb",-30.42,6.63,49.55,7.24,"MC_2017"
"Rice_herb",-29.31,6.9,48.76,11.04,"MC_2017"
"Rice_herb",-23.47,4.85,51.78,10.14,"MC_2017"
"Rice_herb",-29.02,6.96,49.81,11.23,"MC_2017"
"Rice_herb",-29.68,4.94,54.34,9.19,"MC_2017"
"Rice_herb",-29.54,5.26,50.37,10.34,"MC_2017"
"Rice_herb",-30.68,6.33,56.47,7.63,"MC_2017"
"Rice_herb",-20.65,2.67,50.29,10.68,"MC_2017"
"Rice_herb",-17.07,3.88,49.66,10.83,"MC_2017"
"Rice_herb",-29.67,6.42,53.63,9.55,"GO_2017"
"Rice_herb",-24.72,4.35,53.19,9.18,"GO_2017"
"Rice_herb",-28.89,5.41,54.41,9.02,"GO_2017"
"Rice_herb",-28.79,5.53,52.39,10.21,"GO_2017"
"Rice_herb",-28.24,5.72,53.61,9.59,"GO_2017"
"Rice_herb",-28.06,5.6,52.23,10.31,"GO_2017"
"Rice_herb",-29.82,7.48,48.43,8.67,"GO_2017"
"Rice_herb",-28.84,2.12,51.69,9.76,"GC_2017"
"Rice_herb",-29.03,2.11,51.32,9.73,"GC_2017"
"Rice_herb",-28.85,1.8,52.33,9.52,"GC_2017"
"Rice_herb",-29,1.64,28.6,5.03,"GC_2017"
"Rice_herb",-29.67,6.68,52.07,10.14,"GC_2017"
"Rice_herb",-28.98,2.71,52.58,8.69,"GC_2017"
"Rice_herb",-29.11,2.9,52.88,9.37,"GC_2017"
"Rice_herb",-29.49,3.47,53.9,8.93,"GC_2017"
"Rice_herb",-28.75,2.81,52.87,8.85,"GC_2017"
"Rice_herb",-25.13,9.79,52.68,9.83,"OO_2017"
"Rice_herb",-29.79,5.94,53.41,8.49,"OC_2017"
"Rice_herb",-29.92,5.8,54.17,8.93,"OC_2017"
"Rice_herb",-29.81,5.62,52.65,8.74,"OC_2017"
"Rice_herb",-29.55,6.22,52.44,9.03,"OC_2017"
"Rice_herb",-29.36,3.33,51.88,9.23,"MO_2017"
"Rice_herb",-13.45,0.75,50.95,11.06,"MO_2017"
"Rice_herb",-26.7,9.38,56.26,8.61,"MO_2017"
"Rice_herb",-30.52,4.4,55.5,8.17,"MO_2017"
"Rice_herb",-28.79,8.87,53.18,9.83,"MO_2017"
"Rice_herb",-29.99,7.82,51.22,9.35,"MO_2017"
"Rice_herb",-30.36,7.74,51.98,9,"MO_2017"
"Rice_herb",-30.1,7.16,50.98,8.92,"MO_2017"
"Rice_herb",-29.62,6.89,51.03,9.15,"MO_2017"
"Rice_herb",-28.46,5.33,49.37,7.85,"MC_2017"
"Rice_herb",-29.81,5.47,51.62,7.9,"MC_2017"
"Rice_herb",-27.39,5.46,46.75,8.16,"MC_2017"
"Rice_herb",-31.11,6.26,53.9,7.94,"MC_2017"
"Rice_herb",-29.95,6.1,53.27,8.49,"MC_2017"
"Rice_herb",-31.23,6.49,52.69,8.08,"MC_2017"
"Rice_herb",-31.23,6.48,54.22,8.15,"MC_2017"
"Rice_herb",-29.68,4.85,59.36,7.74,"MC_2017"
"Rice_herb",-30.55,6.65,59.69,7.67,"MC_2017"
"Rice_herb",-30.82,7.1,58.82,7.94,"MC_2017"
"Rice_herb",-28.52,4.37,56.05,8.95,"MC_2017"
"Rice_herb",-28.66,4.25,54.6,8.33,"MC_2017"
"Rice_herb",-27.74,5.51,48.69,10.98,"MC_2017"
"Rice_herb",-26.91,6.56,51.32,10.76,"MC_2017"
"Rice_herb",-21.14,2.8,55.43,8.8,"MC_2017"
"Rice_herb",-31.05,6.21,54.47,8.25,"MC_2017"
"Rice_herb",-28.6,5.12,52.65,9.5,"MC_2017"
"Rice_herb",-28.59,3.7,54.59,8.68,"GO_2017"
"Rice_herb",-27.88,4.12,51.26,10.35,"GO_2017"
"Rice_herb",-28.23,4.48,54.12,9.1,"GO_2017"
"Rice_herb",-28.33,4.53,54.9,9.11,"GO_2017"
"Rice_herb",-30.87,6.48,53.27,8.35,"GO_2017"
"Rice_herb",-30.81,6.27,51.52,8.35,"GO_2017"
"Rice_herb",-28.32,5.28,53.51,9.48,"GO_2017"
"Rice_herb",-29.3,5.27,52.18,9.41,"GO_2017"
"Rice_herb",-28.28,3.93,53.94,9.23,"GO_2017"
"Rice_herb",-29.16,3.59,53.5,9.37,"GC_2017"
"Rice_herb",-28.97,3.84,53.56,9.26,"GC_2017"
"Rice_herb",-28.93,4.67,53.36,9.33,"GC_2017"
"Rice_herb",-29.66,4.04,52.7,9.28,"GC_2017"
"Rice_herb",-30.01,6.62,56.22,7.47,"GC_2017"
"Rice_herb",-28.12,5.69,50.57,9.47,"GC_2017"
"Rice_herb",-27.92,3.4,50.57,11.08,"OO_2017"
"Rice_herb",-29.17,5.05,49.95,10.98,"OO_2017"
"Rice_herb",-29.35,5.42,46.09,10.16,"OO_2017"
"Rice_herb",-20.12,7.55,51.51,10.34,"OO_2017"
"Rice_herb",-28.99,5.09,53.99,8.44,"OO_2017"
"Rice_herb",-28.37,5.42,52.09,9.56,"OO_2017"
"Rice_herb",-28.69,8.08,53.08,10.32,"OC_2017"
"Rice_herb",-27.85,6.48,52.52,10.47,"OC_2017"
"Rice_herb",-28.47,5.5,50.85,10.78,"OC_2017"
"Rice_herb",-28.76,6.16,53.54,9.06,"OC_2017"
"Rice_herb",-27.98,6.19,51.08,9.3,"OC_2017"
"Rice_herb",-28.34,6.95,51.66,9.44,"OC_2017"
"Rice_herb",-26.8524719781575,8.14990974804007,65.9726207761216,12.9554171221335,"MO1_2018"
"Rice_herb",-27.4010750826838,7.6688723941429,50.3135304503535,9.62471747483534,"MO1_2018"
"Rice_herb",-25.4501002469691,9.4617714434725,49.6567780845472,11.0859587849368,"MO1_2018"
"Rice_herb",-28.1684388665808,8.15894261951725,49.3844633443458,9.92418877270591,"MO1_2018"
"Rice_herb",-27.4104993515513,9.23746337878315,50.9131254871143,10.2889017074025,"MO1_2018"
"Rice_herb",-25.3758789117656,7.32203907633484,50.6743620408175,10.2706655495596,"MO1_2018"
"Rice_herb",-17.4740281921662,7.70500075223966,40.7302839351799,5.7347960217472,"MO2_2018"
"Rice_herb",-11.92587391389,4.54310902354647,49.9022999457006,10.5322789692023,"MO2_2018"
"Rice_herb",-26.8294991966929,6.80045762298593,50.798876467463,11.2799628681349,"MO2_2018"
"Rice_herb",-25.2823784656372,7.2052324464432,52.7987316718995,9.69265623062057,"MO2_2018"
"Rice_herb",-22.215246672509,7.14663765392137,47.6647083725912,9.38341658277274,"MO2_2018"
"Rice_herb",-11.6120823527166,4.0488684940253,47.2587858981728,10.9057685783624,"MO3_2018"
"Rice_herb",-30.6707320700529,12.5785149579255,48.1038555692774,9.21993538620097,"MO3_2018"
"Rice_herb",-14.2651088141977,10.6286741721735,51.9068942417716,10.2006669440676,"MO3_2018"
"Rice_herb",-17.5276326575406,7.5048393150254,49.4930877156184,9.38383844198277,"MO3_2018"
"Rice_herb",-28.2533280514707,5.35349063367155,50.9260820882606,9.92651263043549,"MC1_2018"
"Rice_herb",-27.7419951360671,5.42929818409469,50.9429826105569,10.3416593664801,"MC1_2018"
"Rice_herb",-28.2948236871511,3.74552040015769,51.5428102230111,10.4505182936206,"MC1_2018"
"Rice_herb",-27.9928452322116,4.03757885262078,51.9555798561501,10.3098006064999,"MC1_2018"
"Rice_herb",-27.3365085604412,6.90627979945694,51.00701974429,10.0180386962928,"MC1_2018"
"Rice_herb",-28.0551900667419,7.22644327141677,51.5659516925497,10.5358053284647,"MC1_2018"
"Rice_herb",-20.2233563958029,8.01557944557719,51.6845695371533,10.5216765887633,"LO1_2018"
"Rice_herb",-25.9034722873209,4.86813611940984,53.3474632248362,9.58527820893819,"LO1_2018"
"Rice_herb",-23.8521395655393,6.11089861534109,52.3512110400015,9.84062195499367,"LO1_2018"
"Rice_herb",-28.912048395159,6.37876676151076,55.5251437547132,8.48241566260453,"LC1_2018"
"Rice_herb",-28.9628170297146,6.83563206524992,50.6011373320087,10.9306502429503,"LC1_2018"
"Rice_herb",-28.7129393147468,2.59651341894947,47.3782573256219,11.3684353560583,"MC2_2018"
"Rice_herb",-13.4320833129241,5.11588520296399,49.5807773595757,10.3303922102185,"MC2_2018"
"Rice_herb",-24.4087665848008,5.94267593676913,49.7056896866891,10.801271421187,"MC2_2018"
"Rice_herb",-28.6718393337865,4.53164870579239,53.5037670110535,9.51198023532799,"MC2_2018"
"Rice_herb",-28.2435951883369,5.6576048925807,52.3111735457838,9.72980204969044,"MC2_2018"
"Rice_herb",-24.841521624148,5.84387399574801,49.9091226894067,10.9309285490876,"MC3_2018"
"Rice_herb",-26.9270982835349,6.87989552542115,51.9824925170739,8.89191864478197,"MC3_2018"
"Rice_herb",-27.2363552594272,5.46810629613257,49.2500745702328,11.2820181880751,"MC3_2018"
"Rice_herb",-28.4934146172044,5.58071208042287,48.0135102047181,11.5596765081481,"MC3_2018"
"Rice_herb",-29.8050461264927,4.74958625821677,53.3615308717766,9.43372698840332,"LO2_2018"
"Rice_herb",-29.2969810430445,4.04251879918313,53.0424264043789,9.66218496019018,"LO2_2018"
"Rice_herb",-29.2924959978893,3.22548608395955,51.4082194991621,10.5379516266812,"LO3_2018"
"Rice_herb",-29.1310522767481,4.62382516038699,49.5664676993863,11.4707982559631,"LO3_2018"
"Rice_herb",-26.854854934487,2.65658542572056,50.6268050054089,10.7984638885665,"LO3_2018"
"Rice_herb",-29.4492422466903,4.18323304631117,54.6931499646184,9.30070325566311,"LC2_2018"
"Rice_herb",-28.9811832861782,3.74243657870642,51.5540683491215,11.1904790910053,"LC2_2018"
"Rice_herb",-29.1638047430496,5.45582792856881,71.7666012409192,12.212121757382,"LC2_2018"
"Rice_herb",-25.7589230436615,6.97932734801211,103.178248829167,24.5107788315761,"LC2_2018"
"Rice_herb",-28.8631226815856,8.67541304831173,50.8207394987753,9.75066369261242,"SO1_2018"
"Rice_herb",-28.074449823433,7.92659445507525,50.8332032400156,9.42806757858462,"SO1_2018"
"Rice_herb",-28.8773399444348,8.40469609339222,51.6711085777832,9.72803279141954,"SO1_2018"
"Rice_herb",-29.238241208706,8.76866867045312,51.7811371618061,9.2541461340309,"SO1_2018"
"Rice_herb",-29.0052862153998,5.04428165025626,49.8504512017975,10.722490530699,"LC3_2018"
"Rice_herb",-29.0709728374364,5.41951047846092,49.1656534554984,10.9678974562691,"LC3_2018"
"Rice_herb",-29.388187302676,5.27254488492367,49.4511938394777,11.0739771317681,"LC3_2018"
"Rice_herb",-27.0624320674746,4.91620154851533,50.736439482668,9.50011519931712,"SC1_2018"
"Rice_herb",-27.7488302008094,7.20258739163067,50.4488940534613,10.7626178215871,"SC1_2018"
"Rice_herb",-29.856722076153,4.07597412288386,49.0621180517927,11.5175408062884,"LC3_2018"
"Rice_herb",-25.6439289547881,6.71161754259317,98.547027911715,18.8071371424881,"SC1_2018"
"Rice_herb",-28.438661863427,5.89013343948948,52.9793470768243,9.11659090106825,"MO1_2018"
"Rice_herb",-28.9076514574664,4.26598568683102,55.9717668402053,7.98948646626886,"MC2_2018"
"Rice_herb",-28.6619492466458,4.5156319852424,54.3893900145167,8.73709105463689,"MC2_2018"
"Rice_herb",-21.0082017666885,4.08722892236695,50.2592665832237,8.19265531104072,"MC2_2018"
"Rice_herb",-28.3801049306625,4.70498344372605,57.2542594698874,7.53000261402731,"MC3_2018"
"Rice_herb",-29.6135229655703,2.94810654719654,52.529659827558,10.126555425144,"MC3_2018"
"Rice_herb",-28.571380771206,5.07471260169749,54.9776508770858,8.24334689033958,"MC3_2018"
"Rice_herb",-28.823264417431,3.61664154799947,56.7111675984315,7.99924100500475,"MC3_2018"
"Rice_herb",-27.8686902847476,2.84171528425178,51.9807225765098,8.30303240025749,"MC3_2018"
"Rice_herb",-29.162361855853,4.85662551705897,57.6462796764202,7.54472811776953,"MC3_2018"
"Rice_herb",-28.8256717848308,3.64707627199557,57.6490679497624,7.52644719294052,"MC1_2018"
"Rice_herb",-28.7185324512295,4.95049594804234,55.606841731386,8.18463164637935,"MC1_2018"
"Rice_herb",-23.7181743047843,6.57646213419377,50.8596830821912,10.9365545786885,"MO3_2018"
"Rice_herb",-28.4005802251081,4.25390453310784,54.0157470900505,9.69006891455518,"MC1_2018"
"Rice_herb",-28.5331488425086,3.98747291824946,54.3914662276666,5.47807721531671,"MC1_2018"
"Rice_herb",-20.0646995536878,3.51505067428251,52.6341232385357,9.89412038546365,"MC1_2018"
"Rice_herb",-28.7413866025895,2.96256168285251,52.6698498415358,9.65596064511341,"MC1_2018"
"Rice_herb",-28.437332642978,3.90904373084749,54.2266166198834,8.88954914770031,"MC1_2018"
"Rice_herb",-25.5644535187561,6.05960776286007,51.307665539966,10.5721469734798,"MO3_2018"
"Rice_herb",-23.1394130558373,5.96930907305794,51.5838523279158,10.4601692471278,"MO3_2018"
"Rice_herb",-25.6689304736724,6.43274191342471,53.069137009594,9.19012758868081,"MO3_2018"
"Rice_herb",-27.9562901926949,5.29155203592994,55.3324607524869,8.65633878031312,"MO3_2018"
"Rice_herb",-13.0765542487159,3.56861997022053,54.4171065524097,6.92341532741047,"MO3_2018"
"Rice_herb",-11.967159273094,4.6709862073024,52.6782235857672,9.69128683179217,"MO3_2018"
"Rice_herb",-23.7673120741687,5.32206665217975,50.6166124204092,11.1040412558024,"MO3_2018"
"Rice_herb",-25.555491054384,6.49830549203444,56.7044807612127,8.42647566107082,"MO3_2018"
"Rice_herb",-24.7180191111421,5.42831341690384,51.801543255389,10.3332478033649,"LO1_2018"
"Rice_herb",-25.9542230675508,7.04420341571616,51.116640923021,10.8757249962523,"MO2_2018"
"Rice_herb",-27.7274646443589,6.56300405734017,52.0748350277407,8.11496375169349,"MO2_2018"
"Rice_herb",-26.3697153073524,7.51264972115801,52.6837732611286,9.06956863184844,"MO2_2018"
"Rice_herb",-28.5586183428946,6.96609045922996,54.2500912799326,8.25633312756802,"MO2_2018"
"Rice_herb",-26.5795545909642,8.40367543071251,52.5535330580345,9.70942205146412,"MO2_2018"
"Rice_herb",-20.0822880064912,4.32222735123678,49.1990592996169,8.6432656451552,"LO1_2018"
"Rice_herb",-25.6070056472475,5.39190459496129,53.6559905072642,9.51296238879182,"LO1_2018"
"Rice_herb",-25.8353722560574,5.60230032209301,53.1328356400818,9.45312197181476,"LO1_2018"
"Rice_herb",-24.141630587046,5.94567527302009,53.1146900505272,9.83663015665623,"LO1_2018"
"Rice_herb",-28.8280374403767,4.75704810622213,53.4088352445059,8.67690271820589,"SO1_2018"
"Rice_herb",-28.8648068230124,5.64212670836529,55.7931289217615,8.4901889667729,"SO1_2018"
"Rice_herb",-28.8527266218294,4.83627125286186,55.4628676339492,8.50413092525799,"LO3_2018"
"Rice_herb",-28.2860412071924,4.67328759240016,51.4819943321157,10.6614340044898,"LO3_2018"
"Rice_herb",-27.9686910196864,5.32412184715244,53.3984064708876,9.3343150799561,"LO3_2018"
"Rice_herb",-28.9965288045919,2.66023901413281,50.2634669878439,10.9129561675519,"LC2_2018"
"Rice_herb",-28.48515343793,5.15979349282705,89.2499833865851,15.2015879521821,"LC2_2018"
"Rice_herb",-28.394375424854,3.8387983740512,52.5435801328085,9.70038399990406,"LC2_2018"
"Rice_herb",-28.8647428868485,4.38850526048465,54.9526895071827,8.76382559742613,"SO1_2018"
"Rice_herb",-24.8842398570608,3.49648950849614,50.7370691854176,10.6469502956839,"SO1_2018"
"Rice_herb",-27.7272105724467,5.5693366363163,54.3709654160729,9.06205967707229,"SO1_2018"
"Rice_herb",-28.5384861107292,2.85658168582349,50.6119041114535,10.8184125716944,"LC3_2018"
"Rice_herb",-28.8234216217913,3.4861268771909,51.944019624164,8.7488649202815,"LC3_2018"
"Rice_herb",-28.0063713907065,3.98810499341379,50.6031249552268,10.1980274490101,"LC3_2018"
"Rice_herb",-28.1182974766252,3.05669954279568,49.0335169001522,10.8768516177558,"LC3_2018"
"Rice_herb",-28.6963499257487,3.79273986172788,52.5123555381224,9.14430915002064,"LC3_2018"
"Rice_herb",-27.7995231895655,3.14675865905053,49.0797491414653,10.5720205943492,"LC3_2018"
"Rice_herb",-28.9525983604815,3.28147190297534,54.7547401396523,8.51048913083589,"LC3_2018"
"Rice_herb",-28.6520992748887,4.2040625479633,51.6821531864517,9.00724490314293,"LC3_2018"
"Rice_herb",-28.6197351419047,5.47713460465727,48.3868365853554,9.85030652126836,"LC3_2018"
"Rice_herb",-28.4751923006499,4.59871208371803,52.2760178124158,8.86499697215495,"LO2_2018"
"Rice_herb",-28.4031362761301,5.25324441246629,51.8018968565747,9.22261171668466,"LO2_2018"
"Rice_herb",-28.5609255448434,4.50414529990592,51.166265862409,9.3141385906192,"LO2_2018"
"Rice_herb",-28.6473123191122,4.02131260860812,52.3827106288943,8.64489164586033,"LO2_2018"
"Rice_herb",-27.9308142347949,4.62450858209717,49.9148290649752,10.346422191061,"LO2_2018"
"Rice_herb",-28.3354294940081,5.30304448615509,49.8209303667385,10.6190773987894,"LO2_2018"
"Rice_herb",-27.8349530369245,3.97054809931621,50.2497884943058,10.4664349920331,"LC1_2018"
"Rice_herb",-27.6077492387108,3.91964646335595,50.5737470481263,8.66454007646663,"LC1_2018"
"Rice_herb",-28.1655987000185,2.62972845611536,51.6806653077811,9.52117628110573,"LC1_2018"
"Rice_herb",-27.7733859460187,2.92171488835945,51.4325199461731,9.73879053531226,"LC1_2018"
"Rice_herb",-28.3111065003482,3.30218512653015,49.8585933148254,10.0662560545333,"LC1_2018"
"Rice_herb",-27.3417622159953,2.86965862859672,50.692953182761,9.86068080595335,"LC1_2018"
"Rice_herb",-27.1335766717793,3.3151767763289,50.0820725433933,10.5011737187111,"LC1_2018"
"Rice_herb",-29.2439489374378,4.86806136586246,53.4000938705781,8.93123902311044,"SC1_2018"
"Rice_herb",-29.4328559050449,5.20208242194035,54.6410469989117,8.4229581161393,"SC1_2018"
"Rice_herb",-29.3245614254862,5.32209259513484,51.7064507529052,9.71572191573805,"SC1_2018"
"Rice_herb",-28.9399596149085,5.8344176400878,52.3589332121706,9.36827820689144,"SC1_2018"
"Rice_herb",-28.6216693470345,6.13757201434498,53.1210160272067,9.20967455285295,"SC1_2018"
"Rice_herb",-27.5394470066639,6.90649231144397,50.9683892932535,8.81004274959751,"MO2_2018"
"Rice_herb",-25.7995147738498,6.7263462894337,49.5010122167002,10.6621579852627,"MO2_2018"
"Rice_herb",-29.2811443165997,7.55587083056869,57.1085050097674,9.27852132361595,"MO1_2018"
"Rice_herb",-27.2738232801681,5.80337755990499,55.9448471732419,8.73615978700489,"MO1_2018"
"Rice_herb",-18.6539054165494,4.5189766573191,55.6131737874385,10.0572332767304,"MO1_2018"
"Rice_herb",-25.047355389667,3.57690922616047,53.7606117885097,10.3585521081367,"MO1_2018"
"Rice_herb",-27.2065021747764,6.71464651699687,39.7834318010037,7.59365501038996,"MO2_2018"
"Rice_herb",-26.3510938796502,4.41729420637188,52.8804027322432,10.3277230840054,"MO2_2018"
"Rice_herb",-27.3650199459893,5.83915065064301,52.4857728651758,10.210729569275,"MO2_2018"
"Rice_herb",-27.4693090384738,6.34199070300907,52.7806917260208,9.68626238382912,"MO2_2018"
"Rice_herb",-26.4512512943243,6.49191557374507,52.2931103672598,10.3275369642138,"MO2_2018"
"Rice_herb",-21.2439417695311,6.38298831501013,54.422919124677,9.79693352725871,"MO3_2018"
"Rice_herb",-21.5935222201151,5.31245690505241,51.9191989243901,9.4953344872969,"MO3_2018"
"Rice_herb",-13.2669102930828,2.60077331057094,54.1909041370791,10.0034756089652,"MO3_2018"
"Rice_herb",-11.4606398536529,6.08324686693104,50.2756344998854,11.0513586660403,"MO3_2018"
"Rice_herb",-13.5648104783017,5.66974388232386,67.1561311921811,15.6182474268533,"MO3_2018"
"Rice_herb",-29.7483842834049,6.56504722621776,55.7838935968034,6.78868378957299,"MO3_2018"
"Rice_herb",-29.0607299934036,4.80117658225217,54.9604639211259,8.69408672047794,"MC1_2018"
"Rice_herb",-28.4147789366534,3.97840558167041,62.4898338160706,13.8593439355485,"MC1_2018"
"Rice_herb",-30.0806688603208,6.29198435082178,54.2672679895009,9.58111664196553,"MC1_2018"
"Rice_herb",-12.2352353879716,3.62466158416048,50.7790960798379,10.8864681927831,"MC1_2018"
"Rice_herb",-17.5199573722869,5.15157490965361,52.4714244759947,10.5969790576836,"MC1_2018"
"Rice_herb",-30.0368356764278,4.71225387000631,52.9003190569536,9.16354095196906,"MC2_2018"
"Rice_herb",-29.187964749057,4.66739869060447,52.1400604800143,9.6817339210282,"MC2_2018"
"Rice_herb",-29.0542051836334,3.79844952903407,45.158412660996,8.6924069769815,"MC2_2018"
"Rice_herb",-28.2473906052827,2.90234894804046,51.9202234996959,10.3036767124541,"MC2_2018"
"Rice_herb",-27.4655082884654,3.36274812923955,34.7520828930425,6.23162418200878,"MC2_2018"
"Rice_herb",-29.3300496565486,7.11657709285338,57.2868610409713,7.24761390985022,"MC3_2018"
"Rice_herb",-28.9757902161039,5.86758217721875,52.108131618946,8.92414970545274,"MC3_2018"
"Rice_herb",-28.3498755716629,4.10344045571728,53.1588591380383,9.34872295562538,"MC3_2018"
"Rice_herb",-29.9860615269355,3.82209567574963,53.3598361735971,9.58651124007354,"MC3_2018"
"Rice_herb",-28.4181703318736,3.03524792204187,52.7214379193378,9.43757510030971,"MC3_2018"
"Rice_herb",-23.8449502311682,4.67291814107283,53.1832846246192,9.4454689132772,"LO1_2018"
"Rice_herb",-30.0388341804507,7.52880890906823,55.9688488069744,7.80973821170095,"LO1_2018"
"Rice_herb",-25.4526771471645,4.89942422984319,54.5269753827854,8.898152839807,"LO1_2018"
"Rice_herb",-29.5791590363829,7.32206209988332,56.2436997808487,8.15289939178489,"LO1_2018"
"Rice_herb",-26.7480858717865,5.22384536575661,51.6831123709533,10.0655363223784,"LO1_2018"
"Rice_herb",-25.841806266369,5.01344646956136,52.0615859546323,9.9121658021931,"LO1_2018"
"Rice_herb",-29.9504951596979,5.27820914107679,56.2130272505107,7.76606022692038,"LO2_2018"
"Rice_herb",-28.827687427563,3.92980848871664,51.9229142095801,10.5483266430891,"LO2_2018"
"Rice_herb",-29.7010969987055,3.39754794787668,53.0472226236982,9.86042479834542,"LO2_2018"
"Rice_herb",-30.255806225428,5.00105637507388,55.0555583270972,7.93010849524021,"LO2_2018"
"Rice_herb",-30.164639354826,5.42072922209297,55.7894613657303,8.1740387973894,"LO3_2018"
"Rice_herb",-28.8281537663817,4.43771852939693,52.5807597421456,9.52109203796595,"LO3_2018"
"Rice_herb",-28.3412719297186,4.36505653953097,51.1004269163114,10.4284387401176,"LO3_2018"
"Rice_herb",-28.8719166754842,4.97704067208402,54.864463287892,9.62530713587385,"LO3_2018"
"Rice_herb",-28.065014683188,2.50611388015979,52.588973966447,9.78928176228232,"LC1_2018"
"Rice_herb",-29.1848043134992,2.76450281514357,53.2583402557446,9.79247373862951,"LC1_2018"
"Rice_herb",-28.6323517685755,3.28646022158965,50.1413065501733,10.1679690368272,"LC1_2018"
"Rice_herb",-28.2573500491489,3.21185862860005,52.179183187778,10.1790429509385,"LC1_2018"
"Rice_herb",-28.6541315545184,4.63304521493485,52.4861632533419,9.92218531837092,"LC2_2018"
"Rice_herb",-29.484083687713,6.43529369624381,55.264288156731,8.40075721081138,"LC2_2018"
"Rice_herb",-28.2627821532676,4.89687450214213,54.1988049077581,9.72969055489454,"LC2_2018"
"Rice_herb",-29.8847963248936,5.25966378172132,48.7753760457695,10.132750106217,"LC3_2018"
"Rice_herb",-28.3381747173395,3.18546990675876,54.9774781535202,9.09612940419504,"LC3_2018"
"Rice_herb",-28.8239519607663,2.8761030632718,53.6707680845945,9.45847348745076,"LC3_2018"
"Rice_herb",-30.3635776952683,5.4680269382825,58.6615899089663,6.5255275384987,"LC3_2018"
"Rice_herb",-29.0879422157883,2.7942319367732,53.1101060384179,8.88791685668696,"LC3_2018"
"Rice_herb",-27.8218281068062,6.6078428260955,52.8418995810319,8.60114103073524,"MO2_2018"
"Rice_herb",-29.858222055162,6.95798725428357,60.3667522500499,6.53646885753006,"MO1_2018"
"Rice_herb",-30.8579520646846,5.45469930233367,54.8652744941273,7.9066966414877,"MC1_2018"
"Rice_herb",-29.0222214948449,6.70319849765786,45.473323386178,10.4546691428919,"SO1_2018"
"Rice_herb",-27.6541128395542,4.68980509536682,49.6542488929382,11.6860311019633,"SO1_2018"
"Rice_herb",-28.3305149991599,2.9722585505515,52.1979366192672,10.7346422868154,"SC1_2018"
"Rice_herb",-30.24,4.32,55.4227441285538,8.52039555006181,"MC1_2019"
"Rice_herb",-29.77,4.65,53.3194029850746,9.79253731343284,"MC1_2019"
"Rice_herb",-29.4,4.85,52.9122957867584,9.42046431642304,"MC1_2019"
"Rice_herb",-28.74,5.37,51.4036061026352,10.7572815533981,"MC1_2019"
"Rice_herb",-29.54,4.36,52.3105360443623,10.4713493530499,"MC1_2019"
"Rice_herb",-28.22,5.39,48.2614913176711,9.15526046986721,"MO1_2019"
"Rice_herb",-30.14,7.98,54.8558441558442,9.09220779220779,"MO1_2019"
"Rice_herb",-29.91,7.94,55.4274725274725,9.00549450549451,"MO1_2019"
"Rice_herb",-19.24,4.8,50.9259259259259,11.4975845410628,"MO1_2019"
"Rice_herb",-15.85,7.5,49.0701570680628,11.8722513089005,"MO1_2019"
"Rice_herb",-29.15,4.47,53.4046762589928,9.5089928057554,"MC2_2019"
"Rice_herb",-28.85,3.26,52.1382823871907,10.3245997088792,"MC2_2019"
"Rice_herb",-23.36,11.07,48.7146529562982,10.6966580976864,"MO2_2019"
"Rice_herb",-28.33,7.7,55.8045851528384,8.22379912663756,"MO2_2019"
"Rice_herb",-29.48,8.13,55.3634377276038,8.48069919883467,"MO2_2019"
"Rice_herb",-26.46,7.71,51.1477832512315,11.0525451559934,"MO2_2019"
"Rice_herb",-28.78,7.88,51.7706935123042,10.6275167785235,"MO2_2019"
"Rice_herb",-15.57102703,7.070772706,43.6203357697842,11.3097260043165,"MC3_2019"
"Rice_herb",-28.22782062,5.193610848,48.8764368431772,9.78683379226069,"MC3_2019"
"Rice_herb",-21.56629279,7.757121616,47.7207949857955,9.81272606534091,"MC3_2019"
"Rice_herb",-27.22781962,5.389970004,46.9275798769231,9.7486644,"MC3_2019"
"Rice_herb",-26.43960795,6.391676092,47.2430332663989,10.1146559116466,"MC3_2019"
"Rice_herb",-28.74297625,4.153915845,48.6772941277259,9.09835857788162,"MC3_2019"
"Rice_herb",-28.2414004,3.808229829,48.5022442946429,9.39569741964286,"MC3_2019"
"Rice_herb",-22.19516736,5.854764049,44.9964674681754,9.92195482602546,"MO3_2019"
"Rice_herb",-16.21237039,8.921160166,46.5530545410037,9.43446865361077,"MO3_2019"
"Rice_herb",-15.66586989,10.69180738,47.407219837037,9.00366446370371,"MO3_2019"
"Rice_herb",-19.07915535,9.261750885,46.387861565534,10.3706643216019,"MO3_2019"
"Rice_herb",-19.1998033,9.366848007,46.8533040723982,8.06260953846154,"MO3_2019"
"Rice_herb",-19.52775079,8.330995882,48.1730212759644,8.48539678931751,"MO3_2019"
"Rice_herb",-28.67558653,5.196941669,45.9709069221698,10.6156199658019,"LC1_2019"
"Rice_herb",-28.7911432,4.580104874,50.9482859936909,8.9583584384858,"LC1_2019"
"Rice_herb",-22.33383405,5.921784138,45.6819714705882,11.1112470088235,"LO1_2019"
"Rice_herb",-24.41704046,4.535003969,47.4661117230274,9.71293947665056,"LO1_2019"
"Rice_herb",-28.73412452,5.372464182,47.0923343940796,10.0862557076781,"LC2_2019"
"Rice_herb",-29.42326908,4.435420585,48.1008964763231,9.28179944568245,"LC2_2019"
"Rice_herb",-29.65583997,4.676676017,49.5088152015355,8.7122229596929,"LC2_2019"
"Rice_herb",-29.46270844,3.93816457,50.9636535033259,8.46098249223947,"LC2_2019"
"Rice_herb",-29.03780274,3.923387127,48.3904522485207,10.0752767554241,"LO2_2019"
"Rice_herb",-27.39528639,4.016466515,48.6750058757062,10.2191330669895,"LO2_2019"
"Rice_herb",-26.14145639,2.119113493,47.104382622842,11.2205620849934,"LO2_2019"
"Rice_herb",-28.6926909,2.550559389,48.9246509190809,9.75352823976024,"LC3_2019"
"Rice_herb",-28.25616599,5.206161308,47.5275475127421,11.0326798776758,"LC3_2019"
"Rice_herb",-28.34476671,4.358770067,49.0978152407153,10.6543996712517,"LC3_2019"
"Rice_herb",-29.26015045,5.568655195,52.3357975249501,10.0255986686627,"LC3_2019"
"Rice_herb",-29.59049113,5.46267533,51.7264771870605,9.14284632208158,"LC3_2019"
"Rice_herb",-27.49276843,4.327724171,50.0851826271186,9.78483963029661,"LC3_2019"
"Rice_herb",-28.55918587,4.24407118,49.3595157680251,10.4303319874608,"LO3_2019"
"Rice_herb",-21.81989374,0.027638622,51.1013572297297,9.64854374831081,"LO3_2019"
"Rice_herb",-16.91503627,4.539633169,49.0266641498881,10.5841167069351,"LO3_2019"
"Rice_herb",-28.64804169,6.257398862,49.0746812765957,10.8844821610942,"SC1_2019"
"Rice_herb",-28.64647358,4.552815667,53.6048396819788,9.1939122385159,"SC1_2019"
"Rice_herb",-28.12368401,5.803313775,49.5844061682243,9.90384149325026,"SO1_2019"
"Rice_herb",-26.42387028,4.473886716,52.6090735964912,9.42188049824561,"SO1_2019"
"Rice_herb",-28.73648413,5.905933118,48.3001554936461,8.30306589345064,"LC1_2019"
"Rice_herb",-28.6557188,2.555537832,52.7671876843658,9.73660534955752,"LC1_2019"
"Rice_herb",-28.49115188,2.415460621,52.6648730769231,9.36738893589744,"LC1_2019"
"Rice_herb",-27.87911294,4.359680323,52.0330197953216,9.25548180994152,"LC1_2019"
"Rice_herb",-28.06100045,3.163585369,52.2946836940837,10.0350366652237,"LC1_2019"
"Rice_herb",-26.76154083,4.469326401,52.9706663252376,8.10266165997888,"LC1_2019"
"Rice_herb",-28.8418679,4.981963786,53.9620148721228,9.12307151534527,"LC1_2019"
"Rice_herb",-27.82436449,5.5141511,50.2317344642857,10.4851925297619,"LO1_2019"
"Rice_herb",-28.16586143,5.07397571,52.8789263576159,9.78596692273731,"LO1_2019"
"Rice_herb",-27.95772154,5.390966556,50.370404811119,9.82774616535994,"LO1_2019"
"Rice_herb",-28.60697504,5.724501089,53.0092365756541,9.32414664050057,"LO1_2019"
"Rice_herb",-29.22267723,5.993572853,56.6149051942286,7.90149933296337,"LO1_2019"
"Rice_herb",-29.2221199,6.0068141,54.242815060241,8.65081000860585,"LO1_2019"
"Rice_herb",-29.71700644,5.845373932,58.3262636983993,7.2813267851727,"LO1_2019"
"Rice_herb",-29.53681394,6.134710818,53.9990548116646,8.03942360267315,"LO1_2019"
"Rice_herb",-28.53540163,6.186641367,54.1234843002028,8.16096538438134,"LO1_2019"
"Rice_herb",-27.29647825,4.491398107,50.0019391955836,10.5663666845426,"LC2_2019"
"Rice_herb",-28.26106168,4.758429156,52.7521814893617,10.2162350992908,"LC2_2019"
"Rice_herb",-27.5510025,4.01643061,50.8652900657895,10.2103669642857,"LC2_2019"
"Rice_herb",-28.60568513,5.351552617,52.6907703351955,8.63160778910614,"LC2_2019"
"Rice_herb",-28.74070672,5.391680299,52.9240324570447,8.82637310137457,"LC2_2019"
"Rice_herb",-28.89212191,4.860296106,53.6035335706215,7.85794396497175,"LC2_2019"
"Rice_herb",-28.32188094,4.333325861,50.8555399072643,10.43530638949,"LO2_2019"
"Rice_herb",-29.49920188,5.693249393,57.440505571205,7.85246913615024,"LO2_2019"
"Rice_herb",-28.95566785,4.854911914,51.7179884482759,8.83620199059561,"LO2_2019"
"Rice_herb",-28.91396504,3.855410952,54.2134210846561,8.52324012830688,"LO2_2019"
"Rice_herb",-29.4434047,4.809941697,53.4476105547445,8.50525587883212,"LO2_2019"
"Rice_herb",-29.21813394,5.762447577,53.7411999619772,9.04347917870722,"LC3_2019"
"Rice_herb",-30.06189349,5.714772274,55.8353635558781,7.95202235703919,"LC3_2019"
"Rice_herb",-29.76854436,4.830340761,54.359285387931,8.42962902801724,"LC3_2019"
"Rice_herb",-29.25513174,4.926220274,51.9337473966942,10.2515874958678,"LC3_2019"
"Rice_herb",-29.2991403,5.092953364,53.9333839223058,9.19363178195489,"LC3_2019"
"Rice_herb",-29.1758554,4.789005037,51.6540246626385,10.4206762839879,"LC3_2019"
"Rice_herb",-29.12932003,4.981210048,54.309690920354,9.18892619115044,"LC3_2019"
"Rice_herb",-28.89257417,5.073145656,52.522786682243,10.5655875514019,"LC3_2019"
"Rice_herb",-30.86425833,4.04584724,52.3437741585761,9.81759479935275,"LO3_2019"
"Rice_herb",-29.51827854,3.085007674,42.643195768057,8.10993493082401,"LO3_2019"
"Rice_herb",-28.80628225,3.46859138,52.2536989473684,10.5210845917843,"LO3_2019"
"Rice_herb",-28.49536275,2.453582564,50.2271422557298,10.963813344994,"LO3_2019"
"Rice_herb",-28.88002918,1.007800684,49.9784860150376,10.2795620488722,"LO3_2019"
"Rice_herb",-29.83021291,4.803094161,55.5475133148405,8.24700077669903,"LO3_2019"
"Rice_herb",-29.70276031,4.679859217,54.7851773894737,8.86268194631579,"LO3_2019"
"Rice_herb",-27.94711346,3.873314188,49.8336141884058,10.2634329652174,"SC1_2019"
"Rice_herb",-28.75883871,4.680584583,51.5512459171598,10.4205326035503,"SC1_2019"
"Rice_herb",-29.24690927,5.660008164,57.3314066729323,7.92096071428571,"SC1_2019"
"Rice_herb",-30.24284794,6.428055296,56.2102966970091,8.2422272106632,"SO1_2019"
"Rice_herb",-28.77518971,5.505246864,54.8016509116022,8.98373067495396,"MC3_2019"
"Rice_herb",-20.01747769,5.472101209,51.8986243584721,9.77306867384917,"MC3_2019"
"Rice_herb",-24.51502518,5.581059314,53.755790611465,9.65096244840764,"MC3_2019"
"Rice_herb",-27.87860193,5.535137111,54.0247036931079,9.37474815344603,"MC3_2019"
"Rice_herb",-29.01751714,5.607982736,54.4762353173949,8.77395093157461,"MC3_2019"
"Rice_herb",-20.61012256,6.243780461,52.0342087054409,10.5627567091932,"MC3_2019"
"Rice_herb",-27.66023599,5.095375673,57.2978419016393,7.75410033606557,"MC3_2019"
"Rice_herb",-13.00473158,5.08958982,52.4853801858304,10.2110668199768,"MO3_2019"
"Rice_herb",-16.69574738,5.988060455,52.5862490900196,9.9081733072407,"MO3_2019"
"Rice_herb",-16.72971788,5.376273463,54.1742100141044,9.36499880112835,"MO3_2019"
"Rice_herb",-11.88355513,8.278976157,52.8791789066918,9.96142702167766,"MO3_2019"
"Rice_herb",-15.65046926,5.864858671,55.6448466723842,8.55480283704974,"MO3_2019"
"Rice_herb",-28.32818431,5.343963158,53.1204658987603,7.07239706921488,"MO3_2019"
"Rice_herb",-18.20606568,5.084634385,49.5408909834254,8.72010878121547,"MO3_2019"
"Rice_herb",-28.74601248,4.686779079,44.7254451317297,8.71148729553265,"MO3_2019"
"Rice_herb",-26.98888745,11.32147757,49.5617929178674,9.82625518011527,"MO3_2019"
"Rice_herb",-13.73257616,6.33418435,50.2445168706697,9.27830436374134,"MO3_2019"
"Rice_herb",-27.55337294,4.307978178,49.8580893733333,9.71043563066667,"MO1_2019"
"Rice_herb",-29.00044032,5.79783142,52.4121944273908,8.06583679102715,"MO1_2019"
"Rice_herb",-28.53841741,3.956431934,49.620450485133,10.1985069733959,"MC1_2019"
"Rice_herb",-29.49202445,4.094136217,50.4052537678722,9.4739376450799,"MC1_2019"
"Rice_herb",-29.82464501,4.530528358,49.7238860339506,9.74767121141975,"MC1_2019"
"Rice_herb",-28.96376032,4.160305003,49.4233360171306,9.83103997002141,"MC1_2019"
"Rice_herb",-29.1011633,4.67686846,51.0301727341533,8.6870305884579,"MC1_2019"
"Rice_herb",-29.39786266,4.128240076,52.5574880058366,8.23449749416342,"MC1_2019"
"Rice_herb",-30.19381857,4.681521395,53.7472643279314,7.72800302478551,"MC1_2019"
"Rice_herb",-30.04769902,4.047888811,53.0895763543788,8.33074023082145,"MC1_2019"
"Rice_herb",-29.78448735,4.578875265,51.3582322952477,8.12437975631951,"MC1_2019"
"Rice_herb",-17.64393855,-2.607863124,50.0446997997892,8.16480933298209,"MC1_2019"
"Rice_herb",-19.0958695,-1.834813286,48.1764309866221,9.2470528361204,"MC1_2019"
"Rice_herb",-16.94827562,1.998946037,48.682397887931,10.5786037586207,"MC1_2019"
"Rice_herb",-19.61709828,3.448072682,48.3910468663194,10.2774640190972,"MC1_2019"
"Rice_herb",-17.62433599,3.604189493,47.92570451015,10.8941927537511,"MC1_2019"
"Rice_herb",-30.98456156,8.886605753,51.3630159971711,8.32229937765205,"MC1_2019"
"Rice_herb",-29.44786068,7.099687127,50.7020213912134,7.47570321861925,"MO2_2019"
"Rice_herb",-28.50836971,7.287551603,49.8670038789238,7.89970006278027,"MO2_2019"
"Rice_herb",-28.30477348,7.960256054,52.2425508631319,8.11498592231812,"MO2_2019"
"Rice_herb",-29.43031516,7.142148805,51.1422810729614,8.10528018741059,"MO2_2019"
"Rice_herb",-29.87325143,6.440281844,53.6301118697674,7.54109318418605,"MO2_2019"
"Rice_herb",-29.99019061,7.143231316,49.72299696793,9.92753529446064,"MO2_2019"
"Rice_herb",-28.80094793,7.316852896,50.7874118602362,9.5319484734252,"MO2_2019"
"Rice_herb",-28.80010467,7.270254926,50.8762590987743,9.21042464311464,"MO2_2019"
"Rice_herb",-22.51948223,9.584158741,45.5633486218679,11.3571448690205,"MO2_2019"
"Rice_herb",-27.54175706,7.406802222,48.616157393321,9.78295472170687,"MO2_2019"
"Rice_herb",-28.09789084,7.189516006,49.5805975160256,9.48059475,"MO2_2019"
"Rice_herb",-28.04199293,7.283948064,48.8793765631068,9.47206893980582,"MO2_2019"
"Rice_herb",-26.65045908,7.07668992,50.533517000771,8.24185430994603,"MO2_2019"
"Rice_herb",-29.45617545,8.18309062,49.8805037248677,8.80602546772487,"MO2_2019"
"Rice_herb",-30.01098871,7.55224906,51.4875808517609,9.22564443898444,"MO2_2019"
"Rice_herb",-28.43921164,8.284121566,48.5423132567568,9.19342043513513,"MO2_2019"
"Rice_herb",-28.75096545,3.687502842,50.2945406799637,9.36588445149592,"MC2_2019"
"Rice_herb",-28.34698716,2.399957555,49.4103326134801,9.65322447455295,"MC2_2019"
"Rice_herb",-28.24640685,2.632044875,49.3748247750865,9.26760274394464,"MC2_2019"
"Rice_herb",-28.75586162,2.394324283,50.5979749619048,9.29164857904762,"MC2_2019"
"Rice_herb",-28.25958413,2.043125592,49.1416039713542,9.2404312734375,"MC2_2019"
"Rice_herb",-28.13785178,5.244717952,51.1110533333333,8.34638120915033,"MC2_2019"
"Rice_herb",-29.82163727,4.278118367,53.4481615616046,7.43066577936963,"MC2_2019"
"Rice_herb",-29.39840179,4.055907217,53.45592004,7.840173904,"MC2_2019"
"Rice_herb",-29.83633999,5.551703631,51.911876873805,8.84696930497132,"MC2_2019"
"Rice_herb",-29.75489486,5.292941759,51.2409924657534,9.17202127853881,"MC2_2019"
"Rice_herb",-29.83085472,4.437786301,50.6115623194444,8.37546280972222,"MC2_2019"
"Rice_herb",-29.74068781,5.236851185,50.8236655764075,8.16985546112601,"MC2_2019"
"Rice_herb",-29.81985638,5.787985734,51.1059489018464,8.64459081049563,"MC2_2019"
"Rice_herb",-27.47889838,3.637467455,51.6192927980535,10.2890612931873,"SC1_2019"
"Rice_herb",-27.13393088,2.354097348,53.1546662220058,10.1928545374878,"SC1_2019"
"Rice_herb",-28.77851737,5.370467777,56.3709113232514,9.26454233081285,"SC1_2019"
"Rice_herb",-28.58549429,4.727410476,52.9408004262673,10.2590006912442,"SO1_2019"
"Rice_herb",-26.73759878,5.892174648,56.1862365939772,8.47282820560748,"SO1_2019"
"Rice_herb",-30.37782322,7.292992048,49.4660545292887,9.00282865167364,"SO1_2019"
"Rice_herb",-29.39958063,7.874350253,54.2645865189363,7.1154680886382,"MC1_2019"
"Rice_herb",-29.53357862,4.415984152,52.4074348270677,9.60159866917293,"MC1_2019"
"Rice_herb",-30.05185249,5.220756016,50.4724418292683,9.39542788048781,"MC1_2019"
"Rice_herb",-17.55773134,5.670841783,51.2895224585635,9.79570969060774,"MC1_2019"
"Rice_herb",-13.77547433,1.001876923,51.7181257103064,10.9483952632312,"MC1_2019"
"Rice_herb",-30.88772103,5.020709489,53.7694907575758,8.26524423268398,"MC1_2019"
"Rice_herb",-20.4779576,1.529022298,51.9794470333745,9.44015534116193,"MC1_2019"
"Rice_herb",-29.30264574,6.825705272,56.1267000652529,8.73998647797716,"MC1_2019"
"Rice_herb",-29.4401741,4.862958393,55.2627566666667,9.07703015310078,"MC1_2019"
"Rice_herb",-30.1718348,4.182210765,56.1603507374631,8.6635111179941,"MC1_2019"
"Rice_herb",-29.73499627,4.364275153,53.8589223860182,10.2560554878419,"MC1_2019"
"Rice_herb",-29.46834257,4.11060557,55.7494944518272,9.99328578903654,"MC1_2019"
"Rice_herb",-30.15465845,4.418461238,52.6561632682292,9.93440432942708,"MC1_2019"
"Rice_herb",-29.70168794,3.837598612,53.6824255421687,9.83496425739321,"MC1_2019"
"Rice_herb",-29.92977746,3.558267091,55.9843279676259,9.6494531205036,"MC1_2019"
"Rice_herb",-29.69202717,4.971875559,53.9572150663943,9.27721972931563,"MO1_2019"
"Rice_herb",-30.22280931,8.186902158,52.2098332307692,8.63390222615385,"MO1_2019"
"Rice_herb",-29.56928854,7.975701884,51.510366118665,9.01570977132262,"MO1_2019"
"Rice_herb",-29.1951448,8.170057024,47.8053635511364,7.42950182386364,"MO1_2019"
"Rice_herb",-29.26584596,6.416345914,55.1776786396181,8.10657689379475,"MO1_2019"
"Rice_herb",-29.22499527,5.400953166,52.3152371959943,9.84686380400572,"MO1_2019"
"Rice_herb",-23.10281887,8.61329755,52.58589990625,10.0657818421875,"MC3_2019"
"Rice_herb",-29.42182464,6.028875505,52.2322250461255,9.99982754612546,"MC3_2019"
"Rice_herb",-30.80267031,7.615448788,55.0754023035594,8.87502852249832,"MC3_2019"
"Rice_herb",-29.73471361,6.531547096,50.6073051821192,9.13040706125828,"MC3_2019"
"Rice_herb",-30.14620847,6.235867986,49.4698877111111,9.31450008666667,"MC3_2019"
"Rice_herb",-29.36744378,5.456372054,53.9806709848485,8.44640313939394,"MC3_2019"
"Rice_herb",-28.22839326,2.892879468,51.9478722592946,10.2626088083889,"LC1_2019"
"Rice_herb",-28.08698934,3.405646861,53.7581603773585,9.93556801451379,"LC1_2019"
"Rice_herb",-28.27947552,3.490786194,53.3925466577181,10.2911913557047,"LC1_2019"
"Rice_herb",-27.50095601,3.487658101,53.1258539953271,10.1416374929907,"LC1_2019"
"Rice_herb",-28.53198252,3.4477594,53.2898000353774,10.2373133183962,"LC1_2019"
"Rice_herb",-29.47266633,5.016015354,51.9316931078905,9.03709572785829,"LC1_2019"
"Rice_herb",-15.31703188,12.56085581,53.3366438924731,10.8295149677419,"LC1_2019"
"Rice_herb",-29.0342118,4.972546695,53.2910812765957,10.0708988120567,"LO1_2019"
"Rice_herb",-28.62229692,5.46869364,54.0133044140625,10.0218598177083,"LO1_2019"
"Rice_herb",-28.47936107,5.620125832,53.6178752066116,9.94358503030303,"LO1_2019"
"Rice_herb",-28.64402646,5.33481512,59.8747389361702,10.7291412588652,"LO1_2019"
"Rice_herb",-28.50713652,5.271641361,53.3259638977424,9.8072516998672,"LO1_2019"
"Rice_herb",-30.02507687,5.953236796,57.32151635,8.0713108125,"LO1_2019"
"Rice_herb",-30.49472685,6.659089145,51.6892497132616,8.71329631003584,"LO1_2019"
"Rice_herb",-29.83755425,7.236380716,52.0979305871886,8.91613083629893,"LO1_2019"
"Rice_herb",-30.44052316,7.076878104,55.1951696024465,8.15773489449541,"LO1_2019"
"Rice_herb",-30.4420444,8.977538843,60.0381072972973,6.43930077938404,"LO1_2019"
"Rice_herb",-29.51164317,6.084531336,50.7219865409836,10.2054414311475,"LO1_2019"
"Rice_herb",-29.89927572,4.02361036,51.6648235736041,6.78784359796954,"LC3_2019"
"Rice_herb",-25.88569709,2.494502769,55.083399460501,8.81041712716763,"LC3_2019"
"Rice_herb",-30.23299043,4.091771143,55.5293004173107,8.81844296599691,"LC3_2019"
"Rice_herb",-30.1725812,4.364078913,55.689166021021,8.97025689189189,"LC3_2019"
"Rice_herb",-30.19843131,4.33879458,55.7834435018496,8.81791256350185,"LC3_2019"
"Rice_herb",-30.38891753,4.256054546,54.184279968119,9.69219065356004,"LC3_2019"
"Rice_herb",-29.34661847,4.122205208,54.1731621304348,9.52378740289855,"LC3_2019"
"Rice_herb",-29.53753803,3.947324409,55.0705317448201,9.2054242955289,"LC3_2019"
"Rice_herb",-28.42436782,1.785077329,52.042518340136,10.6605720312925,"LO3_2019"
"Rice_herb",-27.36500212,2.588496706,53.064364112628,10.4042104197952,"LO3_2019"
"Rice_herb",-28.46853079,2.660224455,53.721671254902,9.75143381764706,"LO3_2019"
"Rice_herb",-27.82764814,2.511609088,53.6416890290179,9.67411459709821,"LO3_2019"
"Rice_herb",-28.41213681,2.330390494,53.6309849936789,9.90584126801517,"LO3_2019"
"Rice_herb",-26.84091376,3.614415251,53.5801983354193,8.7405003942428,"LO3_2019"
"Rice_herb",-29.55261136,4.125456725,55.1972568891538,8.62347896185936,"LO3_2019"
"Rice_herb",-29.52293453,6.984431087,52.5953436778639,10.2348756244617,"LO3_2019"
"Rice_herb",-30.52140029,5.083427308,50.803502600349,9.46157935427574,"LO3_2019"
"Rice_herb",-29.71319035,9.361862159,51.8059269451372,9.58069341396509,"LO3_2019"
"Rice_herb",-15.06967283,7.133672261,52.2199893957346,10.3595766540284,"LO3_2019"
"Rice_herb",-24.99466269,6.842957008,52.3891388822115,10.4182772584135,"MO3_2019"
"Rice_herb",-20.97583778,4.229027318,55.2096393855422,7.97261152650603,"MO3_2019"
"Rice_herb",-28.61947629,6.19811288,52.8938383461538,8.15033908589744,"MO3_2019"
"Rice_herb",-26.76334328,5.949355481,50.5530020702403,8.70723911367837,"MO3_2019"
"Rice_herb",-14.81888485,6.156736844,52.1620755773196,10.3312978865979,"MO3_2019"
"Rice_herb",-22.4546864,5.874598105,51.902021819464,8.75054640761636,"MO3_2019"
"Rice_herb",-13.34040589,5.808399698,50.2575007380074,10.597671498155,"MO3_2019"
"Rice_herb",-13.39132292,6.329608847,53.8849236726384,9.97752447068404,"MO3_2019"
"Rice_herb",-24.20710171,5.700997654,53.5640952983988,10.4095008573508,"MO3_2019"
"Rice_herb",-24.56505136,5.85997607,54.0139040085592,10.2667987018545,"MO3_2019"
"Rice_herb",-24.68676732,6.074253082,54.0705769689119,10.247890503886,"MO3_2019"
"Rice_herb",-15.67399725,6.382884248,52.5860335907336,10.777177980695,"MO3_2019"
"Rice_herb",-25.61624011,5.650590026,54.2194722562674,9.65219572841226,"MO3_2019"
"Rice_herb",-25.53650471,4.852759788,54.6343396614951,9.83925903244006,"MO3_2019"
"Rice_herb",-26.74451037,5.900606434,54.8536657202797,8.93408886573427,"MO3_2019"
"Rice_herb",-25.73227857,5.2907819,54.4366952879581,9.56826086910995,"MO3_2019"
"Tour_herb",-20.68,9.4,46.68,11.29,"MO_2017"
"Tour_herb",-26.3,8.13,44.85,11.08,"MO_2017"
"Tour_herb",-26.89,3.33,47.9,8.46,"MO_2017"
"Tour_herb",-26.94,3.26,47.92,8.84,"MO_2017"
"Tour_herb",-16.06,9.42,45.6,10.33,"MO_2017"
"Tour_herb",-26.07,4.35,58.55,13.7,"MC_2017"
"Tour_herb",-18.86,5.36,47.09,10.6,"MO_2017"
"Tour_herb",-22.45,1.02,45.84,11.02,"GO_2017"
"Tour_herb",-29.44,7.08,48.03,11.15,"MC_2017"
"Tour_herb",-18.1,4.9,46.98,11.14,"GC_2017"
"Tour_herb",-26.9825460190788,8.952432032103,45.4840761007743,10.7082545703581,"MO1_2018"
"Tour_herb",-25.4753489914804,6.65386208111154,46.8581661634333,10.3671545410808,"MO2_2018"
"Tour_herb",-23.694776846901,6.82476352911553,48.699193987952,9.86325583400463,"MO2_2018"
"Tour_herb",-16.6872980435467,9.49679752227066,45.4264415976768,9.8130535495971,"MO3_2018"
"Tour_herb",-28.5074163218709,4.25780827970346,48.2871992178156,10.0600495199671,"MC1_2018"
"Tour_herb",-21.1603987191747,3.24011826079664,47.1260132213477,11.0885930225052,"LO1_2018"
"Tour_herb",-28.6197261204083,7.73828201569223,46.7037632865354,11.3188985816085,"LO1_2018"
"Tour_herb",-26.9923296205625,2.78601384586983,44.5363040471774,11.292962158004,"SC1_2018"
"Tour_herb",-19.6757619635022,5.22453208296188,46.1379153704092,10.0939976909988,"MO1_2018"
"Tour_herb",-21.4437229528964,6.68233115965914,48.4863149584279,10.4159741168638,"MO1_2018"
"Tour_herb",-18.2026093336975,3.30979501078014,49.6735387883627,9.58320110006705,"MO1_2018"
"Tour_herb",-18.8632820285502,5.488987515493,49.4764588840777,10.2782968778347,"MO1_2018"
"Tour_herb",-26.0395426854271,9.74015039487837,51.9369775824611,9.17629923023847,"MO2_2018"
"Tour_herb",-26.4555853619185,9.30720549832693,52.5117127302188,8.3574158444936,"MO2_2018"
"Tour_herb",-23.0880339034923,7.78557394063356,48.6365620960727,12.1527516307676,"MO3_2018"
"Tour_herb",-15.9953885045441,6.11404412576296,49.6468825517712,11.7879622263452,"MO3_2018"
"Tour_herb",-28.08,3.89,50.0068376068376,11.5153846153846,"MC1_2019"
"Tour_herb",-24.12,8.77,48.1627430910952,11.2927328556807,"MO1_2019"
"Tour_herb",-29.65646315,6.927677197,55.321025,14.5183802012882,"MC3_2019"
"Tour_herb",-18.74600238,8.689317398,43.8999835405105,10.0756230011099,"MO3_2019"
"Tour_herb",-28.87171362,6.662490693,43.3120111168385,10.0363336890034,"MO3_2019"
"Tour_herb",-17.11704183,7.257872087,45.093922396789,11.0236765344037,"LO3_2019"
"Tour_herb",-23.17802349,5.871763901,44.595520094697,10.1052003219697,"LO3_2019"
"Tour_herb",-14.72608318,8.938331656,45.6218460732233,10.6539713639627,"LO3_2019"
"Tour_herb",-30.15274571,5.568979712,50.2495206803797,9.62603370727848,"LO3_2019"
"Tour_herb",-30.46610411,6.056390138,49.9064672173913,9.37863253913044,"LO3_2019"
"Tour_herb",-16.97392087,7.132534736,47.2293174551971,11.0756831129032,"MC3_2019"
"Tour_herb",-24.48833876,9.054648062,46.4063782943396,10.9460378113208,"MO3_2019"
"Tour_herb",-25.01364705,5.461271646,45.3600163586956,11.8322268297101,"MC1_2019"
"Tour_herb",-14.03876515,5.889209648,49.2404289156626,9.78804130292599,"MO1_2019"
"Tour_herb",-28.41156737,5.016206442,49.5122248771267,9.87312629867675,"MO1_2019"
"Tour_herb",-29.86964916,3.985065604,49.0474072256473,12.724183107275,"LC1_2019"
"Tour_herb",-15.12738777,6.438106953,49.4084615422886,11.8140971499645,"MO3_2019"
"Tour_herb",-15.20394985,5.507688091,49.0930152222222,11.8291005152778,"MO3_2019"
"Detritivore",-21.79,7.02,48.73,11.35,"MO_2017"
"Detritivore",-24.3,8.15,48.26,10.88,"MO_2017"
"Detritivore",-22.85,8.15,46.98,10.38,"MO_2017"
"Detritivore",-24,6.57,48.21,10.61,"MC_2017"
"Detritivore",-24,6.65,48.76,10.88,"MC_2017"
"Detritivore",-24.23,6.66,48.7,10.94,"MC_2017"
"Detritivore",-22.75,1.39,45.51,10.86,"GO_2017"
"Detritivore",-25.45,12.8,48.05,10.16,"OO_2017"
"Detritivore",-25.02,11.85,48.59,9.32,"OO_2017"
"Detritivore",-25.88,12.03,45.58,8.29,"OO_2017"
"Detritivore",-25.39,8.39,50.4,10.78,"OO_2017"
"Detritivore",-30.61,11.31,45.88,11.97,"OC_2017"
"Detritivore",-23.27,9.15,50.79,10.12,"OC_2017"
"Detritivore",-29.12,8.87,49,9.06,"MO_2017"
"Detritivore",-28.23,1.75,45.85,7.7,"GO_2017"
"Detritivore",-26.7,9.11,48.17,11.03,"GC_2017"
"Detritivore",-26.63,16.08,48.43,10.49,"GC_2017"
"Detritivore",-28.02,10.16,49.83,9.39,"OO_2017"
"Detritivore",-26.88,7.99,48.32,9.72,"MC_2017"
"Detritivore",-26.49,6.5,48.29,9.62,"GO_2017"
"Detritivore",-28.02,10.41,48.97,7.96,"OO_2017"
"Detritivore",-28.13,9.44,47.65,8.16,"OC_2017"
"Detritivore",-27.26,10.02,46.82,7.93,"OC_2017"
"Detritivore",-26.49,11.07,47.48,7.17,"OC_2017"
"Detritivore",-24.256823765221,10.9034743400569,48.1828489127571,12.1558278660996,"MO1_2018"
"Detritivore",-24.7928386492509,9.42028098590834,48.7991083161799,10.4819422674965,"MO1_2018"
"Detritivore",-26.7624621989509,9.4777644212784,48.5516965199657,9.55321314549794,"MO1_2018"
"Detritivore",-24.8381781581917,9.91532058203894,47.9021752443142,11.514144737508,"MO1_2018"
"Detritivore",-23.5675926803308,7.02501757387804,47.7604320302907,10.4169005714202,"MO1_2018"
"Detritivore",-25.9737140800953,13.4716125666215,49.2848137652231,10.4064129740852,"MO1_2018"
"Detritivore",-21.958561727281,11.5849294598153,48.533064563248,10.7467902465904,"MO1_2018"
"Detritivore",-24.4103424335834,7.58948104098652,86.3320731673879,19.3172527322549,"MO1_2018"
"Detritivore",-12.5982002158706,12.9752531441985,48.8049137424875,12.1014442724924,"MO2_2018"
"Detritivore",-24.5982551222878,9.71128507844556,51.004069178872,10.3981061449693,"MO2_2018"
"Detritivore",-19.5317537248847,8.03264993040653,106.295640674435,19.2954205229668,"MO3_2018"
"Detritivore",-19.5163749010782,13.8662933570962,44.7587148075005,9.31837072595009,"MO3_2018"
"Detritivore",-23.7161723425967,9.389861333738,49.0122116480998,9.38416274303066,"MO3_2018"
"Detritivore",-24.706750953019,6.26673002184169,43.7992617430784,9.77444945220671,"MC1_2018"
"Detritivore",-26.0604275085101,4.20001564298627,48.1504511203375,10.7052659006042,"MC1_2018"
"Detritivore",-22.3749738457801,2.49514815151937,46.4864770436577,11.2127330395478,"MC1_2018"
"Detritivore",-25.9571685804592,9.28681863968567,46.5015342341095,8.11193575362156,"MC1_2018"
"Detritivore",-25.3539650272877,11.4237676130318,48.8229006750161,11.3149161809739,"MC1_2018"
"Detritivore",-25.0719064560911,7.69938435126251,47.6594832397523,9.89374929878354,"MC1_2018"
"Detritivore",-23.0889883549194,9.80446164468699,47.3372062639801,10.3929029659774,"MC1_2018"
"Detritivore",-26.9935486119305,4.51794429830993,46.2028822699106,10.3419272701935,"MC1_2018"
"Detritivore",-22.7481578213835,7.96503273840241,49.3557894564629,10.9949803604628,"LO1_2018"
"Detritivore",-22.5342066032902,8.68163123490837,46.0102663021811,8.63811871094842,"LO1_2018"
"Detritivore",-19.2002625362647,8.07284802734083,47.2263191188642,12.0668179401462,"LO1_2018"
"Detritivore",-23.9544404905665,6.34286465046957,45.9781465808102,10.2000594724666,"LO1_2018"
"Detritivore",-18.4057773836259,9.73048739981299,48.4993133464711,11.7340169988128,"LO1_2018"
"Detritivore",-22.0032967302142,8.36393347447626,46.7481654141726,10.307816145621,"LC1_2018"
"Detritivore",-21.4362632464178,15.2243094040751,46.8571299401877,13.2410986637568,"LC1_2018"
"Detritivore",-22.7175473769185,8.42220770094596,51.9956600893664,9.58715752203613,"LC1_2018"
"Detritivore",-21.8014764894639,8.04055159432351,53.5248151306073,9.08665124455776,"LC1_2018"
"Detritivore",-23.3458586431437,12.8038534500003,49.4965529743604,9.11278640374341,"LC1_2018"
"Detritivore",-29.2391721363877,4.36241440229333,47.1832898122932,10.4522699987175,"MC2_2018"
"Detritivore",-24.4342597552183,8.98629380478287,47.3538891266469,11.8033398580515,"MC2_2018"
"Detritivore",-22.7425358002985,9.22560290882019,48.2739425844456,10.2888103757198,"MC2_2018"
"Detritivore",-22.3158295279297,6.54952481504938,47.9180869446266,11.9189060396241,"MC2_2018"
"Detritivore",-27.908140209454,2.5512969001351,48.1544583469782,9.35294990283407,"MC2_2018"
"Detritivore",-24.9430546031067,10.045322095434,47.0370066607925,10.7773083763762,"MC2_2018"
"Detritivore",-26.0481085833998,7.04326627168151,46.5926983553352,10.0044026409994,"MC2_2018"
"Detritivore",-20.1906840082157,11.2532306431341,46.8787371055188,11.2950264942401,"MC3_2018"
"Detritivore",-16.9186783752598,12.490189618614,47.0383934588422,10.4042396740904,"MC3_2018"
"Detritivore",-26.3413551438691,10.3801197845164,46.6728481313553,10.5085595502114,"MC3_2018"
"Detritivore",-25.2122457729415,12.3015839962223,46.5401016142462,10.9198913637914,"MC3_2018"
"Detritivore",-20.8048676445144,7.46652377407046,29.3103201409415,6.43913323428278,"LO2_2018"
"Detritivore",-26.8062752756969,7.70920293189718,46.7203485586076,11.821397692897,"LO2_2018"
"Detritivore",-26.1103594321637,8.74559449111473,45.3304557726869,10.0580055383642,"LO3_2018"
"Detritivore",-24.6581820789399,8.29278101587567,47.3253813942768,11.9123592788307,"LC2_2018"
"Detritivore",-23.3678996938164,6.18876244013203,42.886086674249,8.07003695769612,"LC2_2018"
"Detritivore",-25.2331895447693,7.92210118350143,48.9545700669624,10.2948691191174,"LC2_2018"
"Detritivore",-23.4389533208235,12.0505028674947,47.0831080613189,11.0475356160795,"SO1_2018"
"Detritivore",-22.1573425977342,14.8057389647057,46.5404579593295,10.2623651074546,"SO1_2018"
"Detritivore",-24.9550596898664,11.2298212504856,48.2020450316906,10.8243933587732,"SO1_2018"
"Detritivore",-27.3597038809306,10.8443365014394,47.7077744418766,7.97526236679942,"SO1_2018"
"Detritivore",-24.8195968702974,10.223686557096,46.5776376269796,10.1412918540196,"SO1_2018"
"Detritivore",-27.4089821720588,8.61958027527619,45.4512138319147,9.56303541221805,"LC3_2018"
"Detritivore",-26.1516133163742,5.15050221110805,45.3820350175119,9.58383550481376,"LC3_2018"
"Detritivore",-25.0559433579569,10.303067225965,45.8262143771148,11.4435407917573,"LC3_2018"
"Detritivore",-22.7476068681758,9.74719538209327,46.0344091967604,10.6159117479713,"SC1_2018"
"Detritivore",-17.5469353219061,10.7273151209008,46.5365061490415,11.6406423814772,"SC1_2018"
"Detritivore",-26.4034111509932,7.40509500913407,46.3443015402359,11.9153913831901,"SC1_2018"
"Detritivore",-25.123360164856,11.1480383942539,49.3218830532754,8.89935138239928,"SC1_2018"
"Detritivore",-23.6295257784019,8.26836957137468,48.0314889645246,11.0996604932022,"SC1_2018"
"Detritivore",-24.5099044198043,7.0734304181407,46.1759717329566,11.8052917134151,"SC1_2018"
"Detritivore",-25.6247791682282,6.80031435041564,48.6469471291637,11.3151284970849,"MC3_2018"
"Detritivore",-24.856335143993,10.7164150306637,47.8380363218033,9.17410283607579,"MC3_2018"
"Detritivore",-24.359157272565,9.87813469724967,48.5773354598966,10.6029692770389,"MC3_2018"
"Detritivore",-21.1956509428392,12.6748345681104,50.9363028830989,9.94954135924469,"MO3_2018"
"Detritivore",-24.9346147867879,9.16724413233565,45.4571638640096,6.38066125121625,"SO1_2018"
"Detritivore",-25.7905392751395,7.80587422898564,48.8269392664929,10.6208089335359,"SO1_2018"
"Detritivore",-24.3413337649854,3.20696428735279,48.8442384703328,10.7196011486624,"SO1_2018"
"Detritivore",-25.0215275487902,9.50987609899439,49.2066845398998,9.86419011786783,"SO1_2018"
"Detritivore",-24.4233169904481,11.7148858270334,47.2302378570783,10.735373896549,"SO1_2018"
"Detritivore",-26.0114275736547,5.97008271417755,46.9807824308304,8.12570288384851,"LC1_2018"
"Detritivore",-24.8230536661288,11.1359485981453,47.0676048941839,10.5762152960872,"SC1_2018"
"Detritivore",-25.8317257539807,6.75211456469201,48.1281531375353,10.5423852670906,"SC1_2018"
"Detritivore",-26.3823022024414,8.77133821775836,47.4355119560792,9.79641402746385,"SC1_2018"
"Detritivore",-25.6056350994103,10.6132036340268,47.0175466260962,8.8190734393664,"SC1_2018"
"Detritivore",-26.5819148870788,11.7891038463057,51.4483248750565,10.5054562853359,"SC1_2018"
"Detritivore",-25.850898845085,8.72044631253264,47.1899792663788,9.99456791922867,"SC1_2018"
"Detritivore",-18.6268127909101,12.1928325327121,47.326281187512,10.0926628366983,"MO1_2018"
"Detritivore",-25.8105230987704,11.6829130060132,47.4858038001,12.9121295549336,"MO2_2018"
"Detritivore",-27.1123122153752,5.66478233494842,40.392564534243,7.7411631363752,"MC3_2018"
"Detritivore",-26.6292849989679,7.23370295159757,53.1062371907862,8.38055796053702,"MC3_2018"
"Detritivore",-27.7284820949627,6.0411419269468,52.5723066933858,9.54102619510434,"LO3_2018"
"Detritivore",-26.4443051340579,8.97405793223247,45.5899006201992,11.0953193834421,"LO3_2018"
"Detritivore",-27.8125281730423,6.43067186108778,50.788149260225,7.22044459697168,"LC1_2018"
"Detritivore",-21.935730854484,11.6749305090448,43.8909928515954,9.77032486271967,"SO1_2018"
"Detritivore",-26.7113357598871,8.82196411241205,47.9357870722129,11.6050366203157,"SO1_2018"
"Detritivore",-26.45,6.61,48.8111254851229,11.3971539456662,"MC1_2019"
"Detritivore",-27.31,8.27,48.7091222030981,9.68330464716007,"MC1_2019"
"Detritivore",-25.63,5.09,47.5752895752896,10.0514800514801,"MC1_2019"
"Detritivore",-22.68,3.81,50.9545782263879,10.4260994953136,"MO1_2019"
"Detritivore",-22.42,3.69,50.6375,11.0125,"MO1_2019"
"Detritivore",-25.23,9.69,50.875406283857,10.4593716143012,"MO1_2019"
"Detritivore",-27.91,4.65,49.3516624040921,10.1841432225064,"MO1_2019"
"Detritivore",-18.68,10.92,49.1861167002012,9.09456740442656,"MO1_2019"
"Detritivore",-27.01,7.21,49.0643274853801,11.8292397660819,"MO1_2019"
"Detritivore",-29.1,8.35,51.1796296296296,10.4759259259259,"MO1_2019"
"Detritivore",-25.13,10.21,47.6300309597523,12.5665634674923,"MO1_2019"
"Detritivore",-26.1,6.59,42.8854024556617,9.38335607094134,"MO1_2019"
"Detritivore",-25.77,7.02,47.0528700906344,9.70090634441087,"MO1_2019"
"Detritivore",-27.27,4.09,50.3620689655172,10.7495894909688,"MC2_2019"
"Detritivore",-28.95,10.15,49.5028248587571,9.45103578154426,"MC2_2019"
"Detritivore",-24.79,7.66,48.501968503937,9.2755905511811,"MC2_2019"
"Detritivore",-27.57,6.75,47.7190160832545,9.64143803216651,"MC2_2019"
"Detritivore",-24.85,7.83,48.6926994906621,10.2088285229202,"MC2_2019"
"Detritivore",-28.34,4.65,48.5288343558282,8.81717791411043,"MO2_2019"
"Detritivore",-22.8,10.23,48.3484848484849,11.1909090909091,"MO2_2019"
"Detritivore",-18.94,12.48,47.3671875,7.4912109375,"MO2_2019"
"Detritivore",-21.43,6.14,46.9616858237548,10.5114942528736,"MO2_2019"
"Detritivore",-23.62,8.1,48.7507374631268,8.48082595870206,"MO2_2019"
"Detritivore",-27.44,6.48,49.6985507246377,8.66956521739131,"MO2_2019"
"Detritivore",-20.25134891,1.678633662,45.1872032418002,10.6913712128146,"MC3_2019"
"Detritivore",-19.63235749,2.871584138,43.5248228830084,10.7353215738162,"MC3_2019"
"Detritivore",-26.85427289,9.38132069,44.7834329118329,7.99642809860789,"MC3_2019"
"Detritivore",-27.68378002,9.228142277,45.3255997025496,9.15891727903683,"MC3_2019"
"Detritivore",-28.1306147,8.942484428,42.4457696569468,8.03067730703259,"MC3_2019"
"Detritivore",-22.39670362,5.22211522,43.1221940075614,10.3211739754253,"MC3_2019"
"Detritivore",-22.39902245,6.06267125,61.0226566302368,14.5947978378871,"MC3_2019"
"Detritivore",-22.64709854,6.087213407,31.188817192053,7.47405274834437,"MC3_2019"
"Detritivore",-18.31197774,12.95937163,40.2872877474892,7.48329613916786,"MO3_2019"
"Detritivore",-24.83242205,11.35437269,44.0515431926605,7.63853510642202,"MO3_2019"
"Detritivore",-23.29185429,7.178218623,40.1732556143667,7.23471819470699,"MO3_2019"
"Detritivore",-23.77473959,10.81876391,41.5846259523809,9.40986765343915,"MO3_2019"
"Detritivore",-19.22121292,2.797889522,44.8122222265122,11.1938838519949,"LC1_2019"
"Detritivore",-29.61871527,8.366379462,45.1485508872902,7.56078008313349,"LC1_2019"
"Detritivore",-25.41453087,8.316467454,42.3875284295612,6.21667588568129,"LC1_2019"
"Detritivore",-27.79606552,5.676244843,79.1286666603774,17.9898209698113,"LC1_2019"
"Detritivore",-23.75693379,7.894069898,45.7271080422265,10.3625595873321,"LO1_2019"
"Detritivore",-26.98107387,6.433112257,45.4557397780679,8.66037995430809,"LO1_2019"
"Detritivore",-27.51263063,5.908041396,44.6931205170388,10.2205026474736,"LO1_2019"
"Detritivore",-25.44909623,5.108170215,24.613511673774,5.495565891258,"LO1_2019"
"Detritivore",-28.10419685,5.74700827,44.3256949666667,10.2434637633333,"LO1_2019"
"Detritivore",-27.86069198,6.013729238,43.9530647976879,9.90286377456647,"LO1_2019"
"Detritivore",-22.2891643,9.203032271,41.5445038151042,11.0277498489583,"LC2_2019"
"Detritivore",-25.18651827,8.644476778,40.7318473592233,7.12010951650485,"LC2_2019"
"Detritivore",-27.17941939,5.422997336,43.605415625,10.3693019130435,"LC2_2019"
"Detritivore",-27.40927183,5.983812164,46.8104244262295,10.5368411311475,"LC2_2019"
"Detritivore",-23.08788004,0.32444862,46.2610380880503,10.4904677283019,"LO2_2019"
"Detritivore",-20.63401062,2.866621388,46.2154267818832,11.0094023969011,"LO2_2019"
"Detritivore",-22.02006238,1.442126125,45.8269786568849,10.5100958950339,"LO2_2019"
"Detritivore",-22.04004253,1.066839343,45.1937818253968,11.0316426507937,"LO2_2019"
"Detritivore",-23.15902546,0.66333754,46.6801348442535,10.0827592599356,"LO2_2019"
"Detritivore",-28.49076398,6.710258502,45.9274783514493,9.54522041847826,"LO2_2019"
"Detritivore",-26.16161797,5.404892097,43.8300649269588,8.01136826560425,"LO2_2019"
"Detritivore",-27.93010904,5.642637158,44.8780863823529,8.88214393676471,"LO2_2019"
"Detritivore",-24.71565382,5.253890189,46.1147736080586,9.75632984065934,"LC3_2019"
"Detritivore",-24.81289287,8.249879725,46.8609236184211,10.7037693174342,"LC3_2019"
"Detritivore",-23.94373023,12.15125056,48.790121309329,10.6032447790507,"LC3_2019"
"Detritivore",-27.46390022,9.906253637,49.4560866453674,9.62502109584665,"LC3_2019"
"Detritivore",-23.43820806,7.366750017,48.7124508661417,11.5593189251969,"LC3_2019"
"Detritivore",-23.99308459,9.818982961,47.3230486627907,11.3660665290698,"LC3_2019"
"Detritivore",-24.66709368,11.78891914,47.4703992077728,11.5780994932735,"LC3_2019"
"Detritivore",-23.7343345,12.04365428,47.332037238938,11.5962297168142,"LC3_2019"
"Detritivore",-21.27856202,10.04147568,44.3043711553785,7.86607407038513,"LO3_2019"
"Detritivore",-24.44148552,9.806672327,46.8783661558669,11.7649825831874,"SC1_2019"
"Detritivore",-26.39117339,8.81733452,47.1369107872697,9.15379368509213,"SC1_2019"
"Detritivore",-23.62509439,7.841698138,47.3606177832512,10.313537908046,"SC1_2019"
"Detritivore",-26.52117254,8.269157336,48.7170785,10.8338435833333,"SC1_2019"
"Detritivore",-23.19345644,6.282041256,47.0951262312925,10.6392568326531,"SC1_2019"
"Detritivore",-25.35030964,11.04641446,49.1272456086957,10.8503693246377,"SO1_2019"
"Detritivore",-24.82159236,10.21744886,47.9422940753138,11.0484347196653,"SO1_2019"
"Detritivore",-24.46293222,11.55102343,48.1637760485269,10.6448420034662,"SO1_2019"
"Detritivore",-28.4010484,10.60529896,50.913076815534,9.93567208543689,"SO1_2019"
"Detritivore",-24.45333695,9.552114521,47.8387263407407,10.8507510518519,"SO1_2019"
"Detritivore",-26.5310359,12.60636582,47.1811710836502,9.92727858365019,"SO1_2019"
"Detritivore",-25.5081119,7.757950248,47.6284084040747,10.8128028590832,"SO1_2019"
"Detritivore",-25.77973418,7.33814736,49.1597441423948,10.8109288673139,"SO1_2019"
"Detritivore",-26.43707008,9.238618744,48.9707703432494,9.46904137757437,"LC1_2019"
"Detritivore",-23.93567019,20.20814179,47.2536393957115,9.55977522612086,"LC1_2019"
"Detritivore",-26.48975483,4.876416857,44.1989797761194,6.31409448880597,"LO1_2019"
"Detritivore",-25.76830833,8.10344668,49.8542016604478,9.48850246455224,"LO1_2019"
"Detritivore",-22.25024176,8.060105233,46.536335286757,7.97788350052138,"LO1_2019"
"Detritivore",-28.55152304,8.737989836,49.7796771810089,9.85012530860534,"LC2_2019"
"Detritivore",-28.44291866,7.814011369,47.7506027433628,8.58283840265487,"LC2_2019"
"Detritivore",-26.92219258,9.452211427,49.215085393134,9.15890597231451,"LO2_2019"
"Detritivore",-20.4666231,4.692579264,50.6155914455782,11.4185320765306,"LC3_2019"
"Detritivore",-18.62314528,5.340114355,50.8987658857143,10.6805811847619,"LC3_2019"
"Detritivore",-23.87113305,8.983954547,49.0160584123911,9.37298020813166,"LC3_2019"
"Detritivore",-28.40763487,8.226195602,49.3950980268595,10.1553184493802,"LO3_2019"
"Detritivore",-28.828983,7.437893902,48.7307485897436,9.49376491185897,"LO3_2019"
"Detritivore",-26.22045702,9.704302847,48.718738998358,8.69884712479475,"SC1_2019"
"Detritivore",-22.06286041,10.18284977,50.8213741486811,10.0953811139089,"SC1_2019"
"Detritivore",-25.51384967,10.32358609,51.7201431101191,9.4767303125,"SO1_2019"
"Detritivore",-28.58082269,9.412314191,50.2531076315789,10.1603306327751,"SO1_2019"
"Detritivore",-24.16444418,11.53243905,50.2365772463768,9.51282006086957,"MC3_2019"
"Detritivore",-21.77860923,9.821738278,50.4813817579251,9.05706779971181,"MC3_2019"
"Detritivore",-17.50665102,12.4815486,47.2361737784679,8.61459013146998,"MO3_2019"
"Detritivore",-20.04120709,10.09323231,44.6904429118774,8.03363604789272,"MO1_2019"
"Detritivore",-26.9972496,5.929687501,48.9536417086093,9.17195366754967,"MO1_2019"
"Detritivore",-24.62824939,8.674866918,46.5515036783439,8.4638007866242,"MO1_2019"
"Detritivore",-28.92795642,7.999841767,49.7250036213018,8.58483109585799,"MC1_2019"
"Detritivore",-22.40739576,4.739921545,45.0895698859316,10.5471407693283,"MO2_2019"
"Detritivore",-23.81261686,11.50757027,46.0274700824176,8.41116244505494,"MO2_2019"
"Detritivore",-24.86757116,12.33291005,42.7568368939394,9.21404484848485,"MO2_2019"
"Detritivore",-24.82828465,6.989599847,45.124524,7.99337387483871,"MC2_2019"
"Detritivore",-27.87845615,3.82760777,51.2212080628272,8.62189808167539,"SC1_2019"
"Detritivore",-28.88183307,9.491312483,48.7329319417476,8.16270644660194,"SC1_2019"
"Detritivore",-23.5210712,8.1394713,50.0203206502242,10.1500282522422,"SC1_2019"
"Detritivore",-22.85416882,2.514176486,52.9558209742441,9.55449020604703,"MC1_2019"
"Detritivore",-19.59015118,3.814897197,48.5369862842243,11.9984485880052,"LC1_2019"
"Detritivore",-23.96172029,8.832092055,50.3643206861314,10.7785398817518,"LC1_2019"
"Detritivore",-29.20123242,8.185003696,48.5728467314488,10.5231988798587,"LC1_2019"
"Detritivore",-19.48648813,9.24243614,50.302277266187,10.4759354676259,"LO1_2019"
"Detritivore",-26.94826281,5.487120945,49.8032210062893,11.6272204528302,"LO1_2019"
"Detritivore",-23.40982803,6.103867937,48.4217463547486,10.1899411410615,"LO1_2019"
"Detritivore",-23.02757771,8.892590957,49.0394386919105,9.55563847848537,"LC3_2019"
"Detritivore",-28.94688434,6.614280117,50.1317576930894,9.8033899847561,"LC3_2019"
"Detritivore",-15.10283481,7.360267299,48.6731142992424,9.63993907007576,"LO3_2019"
"Detritivore",-26.64941271,10.66241614,49.0971511751663,10.0530865587583,"MO3_2019"
"Detritivore",-25.54899808,10.7183652,49.2641401872075,9.71468823556942,"MO3_2019"
"Predator",-24.25,7.5,47.29,11.54,"GO_2017"
"Predator",-24.29,6.93,47.3,13.62,"MC_2017"
"Predator",-25.33,6.58,47.9,12.08,"GO_2017"
"Predator",-26.28,6.1,49.41,11.24,"GO_2017"
"Predator",-23.87,6.78,48.91,11.11,"MO_2017"
"Predator",-25.51,6.3,47.33,10.87,"GO_2017"
"Predator",-26.18,5.93,56.17,11.63,"GO_2017"
"Predator",-26.2,6.34,47.12,12.39,"GC_2017"
"Predator",-25.538264499583,6.6062512595289,46.1602866813018,11.1069724665098,"MC1_2018"
"Predator",-24.0107846487589,7.35951007659132,46.246220408992,12.5974393817173,"MC1_2018"
"Predator",-26.0188501341926,5.8097928650298,46.4744334900414,11.4992484593667,"MC2_2018"
"Predator",-25.8044197571757,6.7236780662816,46.0639162697523,13.0116128677968,"MC2_2018"
"Predator",-23.9052157878806,6.81026359426245,48.2098933880816,12.2800998353531,"SC1_2018"
"Predator",-25.2282919991116,6.17256045026063,50.3265065145775,10.2385048309164,"MC1_2018"
"Predator",-24.7907602338982,6.57918433454048,45.5155750975653,11.5252446238146,"MO2_2018"
"Predator",-24.2351523205149,6.6621873015158,47.8918376544773,11.6389131761404,"LO1_2018"
"Predator",-24.8450226426656,7.68169694695198,46.2001818518424,12.1664931716473,"SC1_2018"
"Predator",-25.1931653808381,6.48152250121589,49.3703171547466,11.5523957684055,"MO1_2018"
"Predator",-24.3529795949732,6.71367491602002,49.0314012041754,10.9229693434714,"LO1_2018"
"Predator",-24.74,7.38,46.4826203208556,12.2914438502674,"MO1_2019"
"Predator",-24.65,7.61,47.2812755519215,12.56827473426,"MC2_2019"
"Predator",-24.55943399,7.626823566,44.5821847375328,10.7149792808399,"MC3_2019"
"Predator",-24.48120157,7.761843713,43.837226184739,12.3200061546185,"LC1_2019"
"Predator",-24.39424716,7.515470335,44.0744926614173,12.1385210866142,"LC1_2019"
"Predator",-24.29776614,7.876114885,42.3457400625978,11.5381121392801,"LC1_2019"
"Predator",-24.50571105,6.837648144,41.8043352425373,11.8007257369403,"LC1_2019"
"Predator",-24.77065769,7.602204961,42.663571402439,11.5177560457317,"LC1_2019"
"Predator",-25.46867671,6.110826374,49.8957512482468,9.43112935203366,"MO1_2019"
"Predator",-24.90181578,7.739899512,49.7021338699187,11.3011154780488,"SC1_2019"
"Predator",-24.97823944,7.102719175,48.0042158159509,10.9132913558282,"LO3_2019"
"Predator",-24.07355048,7.565951263,47.2950792810458,9.17371789934641,"MO3_2019"
"Predator",-24.73313376,7.270978821,57.0398154801444,8.15117885198556,"MO3_2019"
"Predator",-25.53652737,6.226497294,51.6415440983607,7.71698301741803,"MO3_2019"
